cisp;vano;mes;feminicidio;feminicidio_tentativa;FASE
1;2016;10;0;0;3
4;2016;10;0;0;3
5;2016;10;0;0;3
6;2016;10;0;1;3
7;2016;10;0;0;3
9;2016;10;0;0;3
10;2016;10;0;0;3
11;2016;10;0;0;3
12;2016;10;0;0;3
13;2016;10;0;0;3
14;2016;10;0;0;3
15;2016;10;0;0;3
16;2016;10;1;0;3
17;2016;10;0;0;3
18;2016;10;0;0;3
19;2016;10;0;0;3
20;2016;10;0;0;3
21;2016;10;0;0;3
22;2016;10;0;0;3
23;2016;10;0;0;3
24;2016;10;0;0;3
25;2016;10;0;0;3
26;2016;10;0;0;3
27;2016;10;0;0;3
28;2016;10;0;0;3
29;2016;10;0;0;3
30;2016;10;0;0;3
31;2016;10;0;0;3
32;2016;10;0;1;3
33;2016;10;0;0;3
34;2016;10;0;0;3
35;2016;10;0;1;3
36;2016;10;0;0;3
37;2016;10;0;0;3
38;2016;10;0;0;3
39;2016;10;0;0;3
40;2016;10;0;0;3
41;2016;10;0;0;3
42;2016;10;0;0;3
43;2016;10;0;1;3
44;2016;10;0;0;3
45;2016;10;0;0;3
48;2016;10;0;0;3
50;2016;10;0;0;3
51;2016;10;0;0;3
52;2016;10;0;0;3
53;2016;10;0;0;3
54;2016;10;0;0;3
55;2016;10;0;0;3
56;2016;10;0;0;3
57;2016;10;0;0;3
58;2016;10;0;1;3
59;2016;10;0;2;3
60;2016;10;0;0;3
61;2016;10;0;0;3
62;2016;10;0;0;3
63;2016;10;0;0;3
64;2016;10;0;0;3
65;2016;10;0;0;3
66;2016;10;0;0;3
67;2016;10;0;0;3
70;2016;10;0;0;3
71;2016;10;0;0;3
72;2016;10;0;0;3
73;2016;10;0;0;3
74;2016;10;0;0;3
75;2016;10;0;0;3
76;2016;10;0;0;3
77;2016;10;0;0;3
78;2016;10;0;0;3
79;2016;10;0;0;3
81;2016;10;1;0;3
82;2016;10;0;0;3
88;2016;10;0;0;3
89;2016;10;0;0;3
90;2016;10;0;0;3
91;2016;10;0;0;3
92;2016;10;0;0;3
93;2016;10;0;0;3
94;2016;10;0;0;3
95;2016;10;0;0;3
96;2016;10;0;0;3
97;2016;10;0;0;3
98;2016;10;0;0;3
99;2016;10;0;0;3
100;2016;10;0;0;3
101;2016;10;0;0;3
104;2016;10;0;0;3
105;2016;10;0;0;3
106;2016;10;0;0;3
107;2016;10;0;0;3
108;2016;10;0;0;3
109;2016;10;0;0;3
110;2016;10;0;1;3
111;2016;10;0;0;3
112;2016;10;0;0;3
118;2016;10;0;0;3
119;2016;10;0;0;3
120;2016;10;0;0;3
121;2016;10;0;0;3
122;2016;10;0;0;3
123;2016;10;0;0;3
124;2016;10;0;0;3
125;2016;10;0;0;3
126;2016;10;0;0;3
127;2016;10;0;0;3
128;2016;10;0;0;3
129;2016;10;0;0;3
130;2016;10;0;0;3
132;2016;10;0;0;3
134;2016;10;0;0;3
135;2016;10;0;0;3
136;2016;10;0;0;3
137;2016;10;0;0;3
138;2016;10;0;0;3
139;2016;10;0;0;3
140;2016;10;0;0;3
141;2016;10;0;0;3
142;2016;10;0;0;3
143;2016;10;0;0;3
144;2016;10;0;0;3
145;2016;10;0;0;3
146;2016;10;0;0;3
147;2016;10;0;0;3
148;2016;10;0;0;3
151;2016;10;0;0;3
152;2016;10;0;0;3
153;2016;10;0;0;3
154;2016;10;0;0;3
155;2016;10;0;0;3
156;2016;10;0;0;3
157;2016;10;0;0;3
158;2016;10;0;0;3
159;2016;10;0;0;3
165;2016;10;0;0;3
166;2016;10;0;0;3
167;2016;10;0;2;3
168;2016;10;0;0;3
1;2016;11;0;0;3
4;2016;11;0;0;3
5;2016;11;0;0;3
6;2016;11;0;0;3
7;2016;11;0;0;3
9;2016;11;0;0;3
10;2016;11;0;0;3
11;2016;11;0;0;3
12;2016;11;0;0;3
13;2016;11;0;0;3
14;2016;11;0;0;3
15;2016;11;0;0;3
16;2016;11;0;0;3
17;2016;11;0;0;3
18;2016;11;0;0;3
19;2016;11;0;1;3
20;2016;11;0;0;3
21;2016;11;0;1;3
22;2016;11;0;0;3
23;2016;11;0;0;3
24;2016;11;0;0;3
25;2016;11;0;0;3
26;2016;11;0;0;3
27;2016;11;0;0;3
28;2016;11;1;0;3
29;2016;11;0;1;3
30;2016;11;0;1;3
31;2016;11;0;1;3
32;2016;11;1;0;3
33;2016;11;0;0;3
34;2016;11;0;0;3
35;2016;11;0;0;3
36;2016;11;0;0;3
37;2016;11;0;0;3
38;2016;11;0;0;3
39;2016;11;0;0;3
40;2016;11;0;0;3
41;2016;11;0;0;3
42;2016;11;0;0;3
43;2016;11;1;1;3
44;2016;11;0;0;3
45;2016;11;0;0;3
48;2016;11;0;0;3
50;2016;11;0;0;3
51;2016;11;0;0;3
52;2016;11;0;0;3
53;2016;11;0;0;3
54;2016;11;0;1;3
55;2016;11;0;0;3
56;2016;11;0;1;3
57;2016;11;0;0;3
58;2016;11;0;0;3
59;2016;11;0;1;3
60;2016;11;0;0;3
61;2016;11;0;0;3
62;2016;11;0;0;3
63;2016;11;0;0;3
64;2016;11;0;0;3
65;2016;11;0;0;3
66;2016;11;0;0;3
67;2016;11;0;0;3
70;2016;11;0;0;3
71;2016;11;0;0;3
72;2016;11;0;2;3
73;2016;11;0;2;3
74;2016;11;0;0;3
75;2016;11;0;0;3
76;2016;11;0;1;3
77;2016;11;0;0;3
78;2016;11;0;0;3
79;2016;11;0;0;3
81;2016;11;0;0;3
82;2016;11;0;0;3
88;2016;11;0;0;3
89;2016;11;1;2;3
90;2016;11;0;2;3
91;2016;11;0;0;3
92;2016;11;0;0;3
93;2016;11;0;0;3
94;2016;11;0;0;3
95;2016;11;0;0;3
96;2016;11;0;0;3
97;2016;11;0;0;3
98;2016;11;0;0;3
99;2016;11;0;0;3
100;2016;11;0;0;3
101;2016;11;0;0;3
104;2016;11;0;0;3
105;2016;11;0;0;3
106;2016;11;0;0;3
107;2016;11;0;0;3
108;2016;11;0;0;3
109;2016;11;0;0;3
110;2016;11;0;0;3
111;2016;11;0;0;3
112;2016;11;0;0;3
118;2016;11;1;0;3
119;2016;11;0;0;3
120;2016;11;0;0;3
121;2016;11;0;0;3
122;2016;11;0;0;3
123;2016;11;0;0;3
124;2016;11;0;1;3
125;2016;11;0;0;3
126;2016;11;0;0;3
127;2016;11;0;0;3
128;2016;11;0;0;3
129;2016;11;0;0;3
130;2016;11;0;0;3
132;2016;11;0;0;3
134;2016;11;1;1;3
135;2016;11;0;0;3
136;2016;11;0;0;3
137;2016;11;0;0;3
138;2016;11;0;0;3
139;2016;11;0;0;3
140;2016;11;0;0;3
141;2016;11;0;0;3
142;2016;11;0;0;3
143;2016;11;1;0;3
144;2016;11;0;0;3
145;2016;11;0;0;3
146;2016;11;1;2;3
147;2016;11;0;0;3
148;2016;11;0;0;3
151;2016;11;1;0;3
152;2016;11;0;0;3
153;2016;11;0;0;3
154;2016;11;0;0;3
155;2016;11;0;0;3
156;2016;11;0;0;3
157;2016;11;0;0;3
158;2016;11;0;0;3
159;2016;11;1;0;3
165;2016;11;0;0;3
166;2016;11;0;0;3
167;2016;11;0;0;3
168;2016;11;0;0;3
1;2016;12;0;0;3
4;2016;12;0;0;3
5;2016;12;0;0;3
6;2016;12;0;0;3
7;2016;12;0;0;3
9;2016;12;0;0;3
10;2016;12;0;0;3
11;2016;12;0;0;3
12;2016;12;0;0;3
13;2016;12;0;0;3
14;2016;12;0;0;3
15;2016;12;0;0;3
16;2016;12;0;1;3
17;2016;12;0;0;3
18;2016;12;0;0;3
19;2016;12;0;0;3
20;2016;12;0;0;3
21;2016;12;0;0;3
22;2016;12;0;0;3
23;2016;12;0;0;3
24;2016;12;0;0;3
25;2016;12;0;1;3
26;2016;12;0;0;3
27;2016;12;0;0;3
28;2016;12;1;0;3
29;2016;12;0;0;3
30;2016;12;0;0;3
31;2016;12;0;0;3
32;2016;12;0;0;3
33;2016;12;0;0;3
34;2016;12;0;0;3
35;2016;12;1;0;3
36;2016;12;0;0;3
37;2016;12;0;1;3
38;2016;12;0;0;3
39;2016;12;0;0;3
40;2016;12;0;0;3
41;2016;12;0;2;3
42;2016;12;0;0;3
43;2016;12;0;1;3
44;2016;12;0;0;3
45;2016;12;0;0;3
48;2016;12;0;0;3
50;2016;12;0;0;3
51;2016;12;0;0;3
52;2016;12;0;0;3
53;2016;12;0;0;3
54;2016;12;0;0;3
55;2016;12;0;1;3
56;2016;12;1;0;3
57;2016;12;0;1;3
58;2016;12;0;0;3
59;2016;12;0;1;3
60;2016;12;0;0;3
61;2016;12;0;0;3
62;2016;12;0;0;3
63;2016;12;0;1;3
64;2016;12;0;0;3
65;2016;12;0;0;3
66;2016;12;0;2;3
67;2016;12;0;0;3
70;2016;12;0;0;3
71;2016;12;0;0;3
72;2016;12;0;0;3
73;2016;12;0;0;3
74;2016;12;0;0;3
75;2016;12;0;0;3
76;2016;12;0;0;3
77;2016;12;0;0;3
78;2016;12;0;0;3
79;2016;12;0;0;3
81;2016;12;1;0;3
82;2016;12;0;0;3
88;2016;12;0;0;3
89;2016;12;0;0;3
90;2016;12;0;1;3
91;2016;12;0;0;3
92;2016;12;0;0;3
93;2016;12;0;0;3
94;2016;12;0;0;3
95;2016;12;0;0;3
96;2016;12;0;0;3
97;2016;12;0;0;3
98;2016;12;0;0;3
99;2016;12;0;0;3
100;2016;12;0;0;3
101;2016;12;0;0;3
104;2016;12;0;0;3
105;2016;12;0;0;3
106;2016;12;0;0;3
107;2016;12;0;0;3
108;2016;12;0;0;3
109;2016;12;0;0;3
110;2016;12;0;0;3
111;2016;12;0;0;3
112;2016;12;0;0;3
118;2016;12;0;0;3
119;2016;12;0;0;3
120;2016;12;0;0;3
121;2016;12;0;0;3
122;2016;12;0;0;3
123;2016;12;0;0;3
124;2016;12;0;0;3
125;2016;12;0;0;3
126;2016;12;0;2;3
127;2016;12;0;0;3
128;2016;12;0;0;3
129;2016;12;0;0;3
130;2016;12;0;0;3
132;2016;12;0;0;3
134;2016;12;0;2;3
135;2016;12;0;0;3
136;2016;12;0;0;3
137;2016;12;0;0;3
138;2016;12;0;0;3
139;2016;12;0;0;3
140;2016;12;0;0;3
141;2016;12;0;0;3
142;2016;12;0;0;3
143;2016;12;0;0;3
144;2016;12;0;0;3
145;2016;12;0;0;3
146;2016;12;0;0;3
147;2016;12;0;1;3
148;2016;12;0;0;3
151;2016;12;0;2;3
152;2016;12;0;0;3
153;2016;12;0;0;3
154;2016;12;0;0;3
155;2016;12;0;0;3
156;2016;12;0;0;3
157;2016;12;0;0;3
158;2016;12;0;0;3
159;2016;12;0;1;3
165;2016;12;0;0;3
166;2016;12;0;0;3
167;2016;12;0;0;3
168;2016;12;0;0;3
1;2017;1;0;0;3
4;2017;1;0;0;3
5;2017;1;0;0;3
6;2017;1;0;0;3
7;2017;1;0;0;3
9;2017;1;0;0;3
10;2017;1;1;0;3
11;2017;1;0;0;3
12;2017;1;0;0;3
13;2017;1;0;0;3
14;2017;1;0;0;3
15;2017;1;0;0;3
16;2017;1;0;1;3
17;2017;1;0;0;3
18;2017;1;0;0;3
19;2017;1;0;0;3
20;2017;1;0;0;3
21;2017;1;1;1;3
22;2017;1;0;0;3
23;2017;1;0;0;3
24;2017;1;0;0;3
25;2017;1;0;0;3
26;2017;1;0;1;3
27;2017;1;0;0;3
28;2017;1;0;0;3
29;2017;1;0;0;3
30;2017;1;0;0;3
31;2017;1;0;0;3
32;2017;1;0;0;3
33;2017;1;0;0;3
34;2017;1;0;4;3
35;2017;1;1;0;3
36;2017;1;1;1;3
37;2017;1;0;0;3
38;2017;1;0;1;3
39;2017;1;0;0;3
40;2017;1;0;0;3
41;2017;1;0;1;3
42;2017;1;0;0;3
43;2017;1;0;0;3
44;2017;1;0;0;3
45;2017;1;0;0;3
48;2017;1;0;0;3
50;2017;1;0;0;3
51;2017;1;0;0;3
52;2017;1;0;0;3
53;2017;1;0;0;3
54;2017;1;0;0;3
55;2017;1;0;0;3
56;2017;1;0;0;3
57;2017;1;0;0;3
58;2017;1;0;0;3
59;2017;1;0;1;3
60;2017;1;0;0;3
61;2017;1;0;0;3
62;2017;1;0;0;3
63;2017;1;0;0;3
64;2017;1;0;0;3
65;2017;1;0;0;3
66;2017;1;0;0;3
67;2017;1;0;0;3
70;2017;1;0;0;3
71;2017;1;0;0;3
72;2017;1;0;2;3
73;2017;1;0;2;3
74;2017;1;0;0;3
75;2017;1;0;0;3
76;2017;1;0;0;3
77;2017;1;0;0;3
78;2017;1;0;0;3
79;2017;1;0;0;3
81;2017;1;0;0;3
82;2017;1;0;0;3
88;2017;1;0;0;3
89;2017;1;0;0;3
90;2017;1;0;1;3
91;2017;1;0;0;3
92;2017;1;0;0;3
93;2017;1;0;0;3
94;2017;1;0;0;3
95;2017;1;0;0;3
96;2017;1;0;0;3
97;2017;1;0;0;3
98;2017;1;0;0;3
99;2017;1;0;0;3
100;2017;1;0;0;3
101;2017;1;0;0;3
104;2017;1;0;0;3
105;2017;1;0;0;3
106;2017;1;0;0;3
107;2017;1;0;0;3
108;2017;1;0;1;3
109;2017;1;0;0;3
110;2017;1;0;0;3
111;2017;1;0;0;3
112;2017;1;0;0;3
118;2017;1;0;0;3
119;2017;1;0;0;3
120;2017;1;0;0;3
121;2017;1;0;0;3
122;2017;1;0;0;3
123;2017;1;0;0;3
124;2017;1;0;0;3
125;2017;1;0;0;3
126;2017;1;0;0;3
127;2017;1;0;0;3
128;2017;1;0;0;3
129;2017;1;0;0;3
130;2017;1;0;0;3
132;2017;1;0;0;3
134;2017;1;0;1;3
135;2017;1;0;0;3
136;2017;1;0;0;3
137;2017;1;1;1;3
138;2017;1;0;0;3
139;2017;1;0;0;3
140;2017;1;0;0;3
141;2017;1;0;0;3
142;2017;1;0;0;3
143;2017;1;0;0;3
144;2017;1;0;0;3
145;2017;1;0;0;3
146;2017;1;1;2;3
147;2017;1;0;0;3
148;2017;1;0;0;3
151;2017;1;1;1;3
152;2017;1;0;0;3
153;2017;1;0;0;3
154;2017;1;0;1;3
155;2017;1;0;0;3
156;2017;1;0;0;3
157;2017;1;0;0;3
158;2017;1;0;0;3
159;2017;1;0;0;3
165;2017;1;0;0;3
166;2017;1;0;2;3
167;2017;1;0;0;3
168;2017;1;0;0;3
1;2017;2;0;0;3
4;2017;2;0;0;3
5;2017;2;0;0;3
6;2017;2;0;0;3
7;2017;2;0;0;3
9;2017;2;0;0;3
10;2017;2;0;0;3
11;2017;2;0;0;3
12;2017;2;0;0;3
13;2017;2;0;0;3
14;2017;2;0;0;3
15;2017;2;0;0;3
16;2017;2;0;0;3
17;2017;2;0;0;3
18;2017;2;0;0;3
19;2017;2;0;0;3
20;2017;2;0;0;3
21;2017;2;0;0;3
22;2017;2;0;0;3
23;2017;2;0;0;3
24;2017;2;0;0;3
25;2017;2;0;0;3
26;2017;2;0;0;3
27;2017;2;0;0;3
28;2017;2;0;0;3
29;2017;2;0;0;3
30;2017;2;0;0;3
31;2017;2;0;0;3
32;2017;2;0;1;3
33;2017;2;0;0;3
34;2017;2;0;0;3
35;2017;2;0;0;3
36;2017;2;0;1;3
37;2017;2;1;0;3
38;2017;2;0;0;3
39;2017;2;0;0;3
40;2017;2;0;0;3
41;2017;2;0;0;3
42;2017;2;0;0;3
43;2017;2;0;0;3
44;2017;2;1;0;3
45;2017;2;0;0;3
48;2017;2;0;0;3
50;2017;2;0;0;3
51;2017;2;0;0;3
52;2017;2;0;0;3
53;2017;2;0;0;3
54;2017;2;0;0;3
55;2017;2;0;0;3
56;2017;2;0;0;3
57;2017;2;0;0;3
58;2017;2;1;0;3
59;2017;2;0;1;3
60;2017;2;0;1;3
61;2017;2;0;0;3
62;2017;2;0;0;3
63;2017;2;0;0;3
64;2017;2;0;0;3
65;2017;2;0;0;3
66;2017;2;0;0;3
67;2017;2;0;0;3
70;2017;2;0;0;3
71;2017;2;0;4;3
72;2017;2;0;0;3
73;2017;2;0;0;3
74;2017;2;0;0;3
75;2017;2;0;0;3
76;2017;2;0;1;3
77;2017;2;0;0;3
78;2017;2;0;0;3
79;2017;2;0;0;3
81;2017;2;0;0;3
82;2017;2;0;0;3
88;2017;2;0;0;3
89;2017;2;0;0;3
90;2017;2;0;0;3
91;2017;2;0;1;3
92;2017;2;0;0;3
93;2017;2;0;0;3
94;2017;2;0;0;3
95;2017;2;0;0;3
96;2017;2;0;0;3
97;2017;2;0;0;3
98;2017;2;0;0;3
99;2017;2;0;0;3
100;2017;2;1;0;3
101;2017;2;0;0;3
104;2017;2;0;0;3
105;2017;2;0;0;3
106;2017;2;0;0;3
107;2017;2;0;0;3
108;2017;2;0;0;3
109;2017;2;0;0;3
110;2017;2;0;0;3
111;2017;2;0;0;3
112;2017;2;0;0;3
118;2017;2;0;0;3
119;2017;2;0;0;3
120;2017;2;0;0;3
121;2017;2;0;0;3
122;2017;2;0;0;3
123;2017;2;0;0;3
124;2017;2;0;0;3
125;2017;2;0;0;3
126;2017;2;0;0;3
127;2017;2;0;0;3
128;2017;2;0;0;3
129;2017;2;0;0;3
130;2017;2;0;0;3
132;2017;2;0;0;3
134;2017;2;1;1;3
135;2017;2;0;0;3
136;2017;2;0;0;3
137;2017;2;0;0;3
138;2017;2;0;0;3
139;2017;2;0;0;3
140;2017;2;0;0;3
141;2017;2;0;0;3
142;2017;2;0;0;3
143;2017;2;0;0;3
144;2017;2;0;0;3
145;2017;2;0;0;3
146;2017;2;0;0;3
147;2017;2;0;0;3
148;2017;2;0;1;3
151;2017;2;0;2;3
152;2017;2;0;0;3
153;2017;2;0;0;3
154;2017;2;0;0;3
155;2017;2;0;0;3
156;2017;2;0;0;3
157;2017;2;0;0;3
158;2017;2;0;0;3
159;2017;2;0;0;3
165;2017;2;2;0;3
166;2017;2;0;0;3
167;2017;2;0;0;3
168;2017;2;0;0;3
1;2017;3;0;0;3
4;2017;3;0;0;3
5;2017;3;0;0;3
6;2017;3;0;0;3
7;2017;3;0;0;3
9;2017;3;0;0;3
10;2017;3;0;0;3
11;2017;3;0;0;3
12;2017;3;0;0;3
13;2017;3;0;0;3
14;2017;3;0;0;3
15;2017;3;0;0;3
16;2017;3;0;0;3
17;2017;3;0;0;3
18;2017;3;0;0;3
19;2017;3;0;0;3
20;2017;3;0;0;3
21;2017;3;0;1;3
22;2017;3;0;0;3
23;2017;3;0;0;3
24;2017;3;0;0;3
25;2017;3;0;0;3
26;2017;3;0;1;3
27;2017;3;0;0;3
28;2017;3;0;0;3
29;2017;3;0;0;3
30;2017;3;0;0;3
31;2017;3;0;0;3
32;2017;3;0;1;3
33;2017;3;1;0;3
34;2017;3;0;0;3
35;2017;3;0;0;3
36;2017;3;0;0;3
37;2017;3;0;2;3
38;2017;3;0;0;3
39;2017;3;0;0;3
40;2017;3;0;0;3
41;2017;3;0;3;3
42;2017;3;0;0;3
43;2017;3;0;0;3
44;2017;3;0;0;3
45;2017;3;0;0;3
48;2017;3;0;0;3
50;2017;3;0;0;3
51;2017;3;0;0;3
52;2017;3;0;0;3
53;2017;3;0;0;3
54;2017;3;0;0;3
55;2017;3;0;0;3
56;2017;3;0;0;3
57;2017;3;0;0;3
58;2017;3;0;0;3
59;2017;3;0;0;3
60;2017;3;0;0;3
61;2017;3;0;0;3
62;2017;3;0;0;3
63;2017;3;0;0;3
64;2017;3;0;3;3
65;2017;3;0;0;3
66;2017;3;0;0;3
67;2017;3;0;0;3
70;2017;3;0;0;3
71;2017;3;0;1;3
72;2017;3;0;0;3
73;2017;3;0;0;3
74;2017;3;0;0;3
75;2017;3;0;0;3
76;2017;3;0;0;3
77;2017;3;0;0;3
78;2017;3;0;0;3
79;2017;3;0;3;3
81;2017;3;0;0;3
82;2017;3;0;0;3
88;2017;3;0;0;3
89;2017;3;0;0;3
90;2017;3;0;0;3
91;2017;3;0;1;3
92;2017;3;0;0;3
93;2017;3;0;0;3
94;2017;3;0;1;3
95;2017;3;0;0;3
96;2017;3;0;0;3
97;2017;3;0;0;3
98;2017;3;0;0;3
99;2017;3;0;1;3
100;2017;3;0;1;3
101;2017;3;0;0;3
104;2017;3;0;0;3
105;2017;3;1;2;3
106;2017;3;0;0;3
107;2017;3;0;0;3
108;2017;3;0;0;3
109;2017;3;0;0;3
110;2017;3;0;0;3
111;2017;3;0;0;3
112;2017;3;0;0;3
118;2017;3;1;0;3
119;2017;3;0;0;3
120;2017;3;0;0;3
121;2017;3;0;0;3
122;2017;3;0;0;3
123;2017;3;0;0;3
124;2017;3;0;0;3
125;2017;3;0;0;3
126;2017;3;0;1;3
127;2017;3;0;0;3
128;2017;3;0;1;3
129;2017;3;0;0;3
130;2017;3;0;0;3
132;2017;3;1;0;3
134;2017;3;0;0;3
135;2017;3;0;0;3
136;2017;3;0;0;3
137;2017;3;0;0;3
138;2017;3;0;0;3
139;2017;3;0;0;3
140;2017;3;0;0;3
141;2017;3;0;0;3
142;2017;3;0;1;3
143;2017;3;1;1;3
144;2017;3;0;0;3
145;2017;3;0;0;3
146;2017;3;1;0;3
147;2017;3;0;0;3
148;2017;3;0;0;3
151;2017;3;0;0;3
152;2017;3;0;0;3
153;2017;3;0;0;3
154;2017;3;0;0;3
155;2017;3;0;0;3
156;2017;3;0;0;3
157;2017;3;0;0;3
158;2017;3;0;0;3
159;2017;3;0;0;3
165;2017;3;0;0;3
166;2017;3;0;1;3
167;2017;3;0;0;3
168;2017;3;0;0;3
1;2017;4;0;1;3
4;2017;4;0;0;3
5;2017;4;0;0;3
6;2017;4;0;0;3
7;2017;4;0;0;3
9;2017;4;0;0;3
10;2017;4;0;0;3
11;2017;4;0;0;3
12;2017;4;0;0;3
13;2017;4;0;0;3
14;2017;4;0;0;3
15;2017;4;0;0;3
16;2017;4;0;0;3
17;2017;4;0;0;3
18;2017;4;0;0;3
19;2017;4;0;0;3
20;2017;4;0;1;3
21;2017;4;0;1;3
22;2017;4;0;0;3
23;2017;4;0;0;3
24;2017;4;0;0;3
25;2017;4;0;0;3
26;2017;4;0;0;3
27;2017;4;0;0;3
28;2017;4;0;0;3
29;2017;4;0;0;3
30;2017;4;0;0;3
31;2017;4;0;0;3
32;2017;4;1;0;3
33;2017;4;0;2;3
34;2017;4;0;0;3
35;2017;4;0;1;3
36;2017;4;1;0;3
37;2017;4;1;0;3
38;2017;4;0;0;3
39;2017;4;1;0;3
40;2017;4;0;2;3
41;2017;4;0;0;3
42;2017;4;0;0;3
43;2017;4;0;0;3
44;2017;4;0;0;3
45;2017;4;0;0;3
48;2017;4;0;0;3
50;2017;4;0;0;3
51;2017;4;0;0;3
52;2017;4;0;1;3
53;2017;4;0;0;3
54;2017;4;0;1;3
55;2017;4;0;2;3
56;2017;4;0;0;3
57;2017;4;0;0;3
58;2017;4;1;0;3
59;2017;4;0;1;3
60;2017;4;0;0;3
61;2017;4;0;0;3
62;2017;4;0;0;3
63;2017;4;0;0;3
64;2017;4;0;2;3
65;2017;4;0;0;3
66;2017;4;0;2;3
67;2017;4;0;0;3
70;2017;4;0;0;3
71;2017;4;0;0;3
72;2017;4;0;0;3
73;2017;4;0;0;3
74;2017;4;1;0;3
75;2017;4;0;0;3
76;2017;4;0;0;3
77;2017;4;0;0;3
78;2017;4;0;0;3
79;2017;4;0;0;3
81;2017;4;0;0;3
82;2017;4;0;0;3
88;2017;4;0;0;3
89;2017;4;0;0;3
90;2017;4;0;3;3
91;2017;4;0;0;3
92;2017;4;0;0;3
93;2017;4;0;0;3
94;2017;4;0;0;3
95;2017;4;0;0;3
96;2017;4;0;0;3
97;2017;4;0;0;3
98;2017;4;0;0;3
99;2017;4;0;0;3
100;2017;4;0;0;3
101;2017;4;0;0;3
104;2017;4;0;0;3
105;2017;4;0;1;3
106;2017;4;0;0;3
107;2017;4;0;0;3
108;2017;4;0;0;3
109;2017;4;0;0;3
110;2017;4;0;0;3
111;2017;4;0;0;3
112;2017;4;0;0;3
118;2017;4;0;1;3
119;2017;4;0;0;3
120;2017;4;0;0;3
121;2017;4;0;0;3
122;2017;4;0;0;3
123;2017;4;0;0;3
124;2017;4;0;0;3
125;2017;4;0;0;3
126;2017;4;0;0;3
127;2017;4;0;0;3
128;2017;4;0;0;3
129;2017;4;0;0;3
130;2017;4;0;0;3
132;2017;4;0;0;3
134;2017;4;0;0;3
135;2017;4;0;0;3
136;2017;4;0;2;3
137;2017;4;0;0;3
138;2017;4;0;0;3
139;2017;4;0;0;3
140;2017;4;0;0;3
141;2017;4;0;0;3
142;2017;4;0;0;3
143;2017;4;0;0;3
144;2017;4;0;0;3
145;2017;4;0;0;3
146;2017;4;1;0;3
147;2017;4;0;0;3
148;2017;4;0;0;3
151;2017;4;0;0;3
152;2017;4;0;0;3
153;2017;4;0;0;3
154;2017;4;0;0;3
155;2017;4;0;0;3
156;2017;4;0;0;3
157;2017;4;0;0;3
158;2017;4;0;0;3
159;2017;4;0;2;3
165;2017;4;0;1;3
166;2017;4;0;1;3
167;2017;4;0;0;3
168;2017;4;0;0;3
1;2017;5;0;0;3
4;2017;5;0;0;3
5;2017;5;0;0;3
6;2017;5;0;0;3
7;2017;5;0;0;3
9;2017;5;0;0;3
10;2017;5;0;0;3
11;2017;5;0;0;3
12;2017;5;0;0;3
13;2017;5;0;0;3
14;2017;5;0;0;3
15;2017;5;0;0;3
16;2017;5;0;0;3
17;2017;5;0;0;3
18;2017;5;0;0;3
19;2017;5;0;0;3
20;2017;5;0;1;3
21;2017;5;0;2;3
22;2017;5;0;0;3
23;2017;5;0;0;3
24;2017;5;0;0;3
25;2017;5;0;0;3
26;2017;5;0;0;3
27;2017;5;0;0;3
28;2017;5;0;0;3
29;2017;5;0;0;3
30;2017;5;0;0;3
31;2017;5;0;0;3
32;2017;5;0;0;3
33;2017;5;0;0;3
34;2017;5;0;0;3
35;2017;5;1;0;3
36;2017;5;0;0;3
37;2017;5;0;1;3
38;2017;5;0;0;3
39;2017;5;0;0;3
40;2017;5;0;1;3
41;2017;5;0;0;3
42;2017;5;0;0;3
43;2017;5;0;0;3
44;2017;5;0;0;3
45;2017;5;0;0;3
48;2017;5;0;0;3
50;2017;5;0;0;3
51;2017;5;0;0;3
52;2017;5;0;0;3
53;2017;5;0;0;3
54;2017;5;0;0;3
55;2017;5;0;0;3
56;2017;5;0;0;3
57;2017;5;0;0;3
58;2017;5;0;0;3
59;2017;5;0;1;3
60;2017;5;0;0;3
61;2017;5;0;0;3
62;2017;5;0;0;3
63;2017;5;0;0;3
64;2017;5;0;0;3
65;2017;5;0;0;3
66;2017;5;0;0;3
67;2017;5;0;0;3
70;2017;5;0;0;3
71;2017;5;0;0;3
72;2017;5;1;0;3
73;2017;5;0;0;3
74;2017;5;0;1;3
75;2017;5;1;1;3
76;2017;5;0;0;3
77;2017;5;0;0;3
78;2017;5;0;0;3
79;2017;5;0;0;3
81;2017;5;0;0;3
82;2017;5;0;0;3
88;2017;5;0;0;3
89;2017;5;0;0;3
90;2017;5;0;0;3
91;2017;5;0;0;3
92;2017;5;0;0;3
93;2017;5;0;0;3
94;2017;5;0;0;3
95;2017;5;0;0;3
96;2017;5;0;0;3
97;2017;5;0;0;3
98;2017;5;0;0;3
99;2017;5;0;0;3
100;2017;5;0;0;3
101;2017;5;0;0;3
104;2017;5;0;0;3
105;2017;5;0;0;3
106;2017;5;0;0;3
107;2017;5;0;0;3
108;2017;5;0;0;3
109;2017;5;0;0;3
110;2017;5;0;2;3
111;2017;5;0;0;3
112;2017;5;0;0;3
118;2017;5;0;0;3
119;2017;5;0;0;3
120;2017;5;0;0;3
121;2017;5;0;0;3
122;2017;5;0;0;3
123;2017;5;0;0;3
124;2017;5;0;0;3
125;2017;5;0;0;3
126;2017;5;0;0;3
127;2017;5;0;0;3
128;2017;5;0;0;3
129;2017;5;0;0;3
130;2017;5;0;0;3
132;2017;5;0;0;3
134;2017;5;0;0;3
135;2017;5;0;0;3
136;2017;5;0;0;3
137;2017;5;0;0;3
138;2017;5;0;0;3
139;2017;5;0;0;3
140;2017;5;0;0;3
141;2017;5;0;0;3
142;2017;5;0;0;3
143;2017;5;0;0;3
144;2017;5;0;0;3
145;2017;5;0;0;3
146;2017;5;0;1;3
147;2017;5;0;0;3
148;2017;5;0;0;3
151;2017;5;0;1;3
152;2017;5;0;0;3
153;2017;5;0;0;3
154;2017;5;0;0;3
155;2017;5;0;0;3
156;2017;5;0;0;3
157;2017;5;0;0;3
158;2017;5;0;0;3
159;2017;5;0;0;3
165;2017;5;0;0;3
166;2017;5;0;0;3
167;2017;5;0;0;3
168;2017;5;0;0;3
1;2017;6;0;0;3
4;2017;6;0;0;3
5;2017;6;0;0;3
6;2017;6;0;0;3
7;2017;6;0;0;3
9;2017;6;0;0;3
10;2017;6;0;0;3
11;2017;6;0;0;3
12;2017;6;0;0;3
13;2017;6;0;0;3
14;2017;6;0;0;3
15;2017;6;0;0;3
16;2017;6;0;1;3
17;2017;6;0;0;3
18;2017;6;0;0;3
19;2017;6;0;0;3
20;2017;6;0;0;3
21;2017;6;0;0;3
22;2017;6;0;0;3
23;2017;6;0;0;3
24;2017;6;0;0;3
25;2017;6;0;0;3
26;2017;6;0;0;3
27;2017;6;0;0;3
28;2017;6;0;2;3
29;2017;6;0;0;3
30;2017;6;0;0;3
31;2017;6;1;0;3
32;2017;6;0;0;3
33;2017;6;0;2;3
34;2017;6;0;0;3
35;2017;6;0;0;3
36;2017;6;1;0;3
37;2017;6;0;0;3
38;2017;6;0;0;3
39;2017;6;0;0;3
40;2017;6;1;0;3
41;2017;6;0;0;3
42;2017;6;0;0;3
43;2017;6;0;0;3
44;2017;6;0;0;3
45;2017;6;0;0;3
48;2017;6;0;0;3
50;2017;6;0;0;3
51;2017;6;0;0;3
52;2017;6;0;1;3
53;2017;6;0;1;3
54;2017;6;0;0;3
55;2017;6;1;1;3
56;2017;6;0;0;3
57;2017;6;0;0;3
58;2017;6;0;0;3
59;2017;6;0;0;3
60;2017;6;0;0;3
61;2017;6;0;1;3
62;2017;6;0;0;3
63;2017;6;0;0;3
64;2017;6;0;1;3
65;2017;6;0;0;3
66;2017;6;0;0;3
67;2017;6;0;0;3
70;2017;6;0;0;3
71;2017;6;1;0;3
72;2017;6;0;0;3
73;2017;6;0;0;3
74;2017;6;0;1;3
75;2017;6;0;0;3
76;2017;6;0;0;3
77;2017;6;0;0;3
78;2017;6;0;1;3
79;2017;6;0;0;3
81;2017;6;0;0;3
82;2017;6;0;0;3
88;2017;6;0;0;3
89;2017;6;1;0;3
90;2017;6;0;0;3
91;2017;6;0;0;3
92;2017;6;0;0;3
93;2017;6;0;0;3
94;2017;6;0;0;3
95;2017;6;0;0;3
96;2017;6;0;0;3
97;2017;6;0;0;3
98;2017;6;0;0;3
99;2017;6;0;0;3
100;2017;6;0;0;3
101;2017;6;0;0;3
104;2017;6;0;0;3
105;2017;6;0;0;3
106;2017;6;0;0;3
107;2017;6;0;0;3
108;2017;6;0;0;3
109;2017;6;0;0;3
110;2017;6;0;0;3
111;2017;6;0;0;3
112;2017;6;0;0;3
118;2017;6;0;0;3
119;2017;6;0;0;3
120;2017;6;0;0;3
121;2017;6;0;0;3
122;2017;6;0;0;3
123;2017;6;0;0;3
124;2017;6;0;0;3
125;2017;6;0;0;3
126;2017;6;0;0;3
127;2017;6;0;0;3
128;2017;6;0;0;3
129;2017;6;0;0;3
130;2017;6;0;0;3
132;2017;6;0;0;3
134;2017;6;0;0;3
135;2017;6;0;0;3
136;2017;6;0;0;3
137;2017;6;0;0;3
138;2017;6;0;0;3
139;2017;6;0;0;3
140;2017;6;0;0;3
141;2017;6;0;0;3
142;2017;6;0;0;3
143;2017;6;0;0;3
144;2017;6;0;0;3
145;2017;6;0;0;3
146;2017;6;1;0;3
147;2017;6;0;0;3
148;2017;6;0;0;3
151;2017;6;0;0;3
152;2017;6;0;0;3
153;2017;6;0;0;3
154;2017;6;0;0;3
155;2017;6;0;0;3
156;2017;6;0;0;3
157;2017;6;0;0;3
158;2017;6;0;0;3
159;2017;6;0;0;3
165;2017;6;0;0;3
166;2017;6;0;0;3
167;2017;6;0;2;3
168;2017;6;0;0;3
1;2017;7;0;0;3
4;2017;7;0;0;3
5;2017;7;0;0;3
6;2017;7;0;0;3
7;2017;7;0;0;3
9;2017;7;0;0;3
10;2017;7;0;1;3
11;2017;7;0;0;3
12;2017;7;0;0;3
13;2017;7;0;0;3
14;2017;7;0;0;3
15;2017;7;0;0;3
16;2017;7;0;0;3
17;2017;7;0;1;3
18;2017;7;0;0;3
19;2017;7;0;0;3
20;2017;7;0;0;3
21;2017;7;0;0;3
22;2017;7;0;0;3
23;2017;7;0;0;3
24;2017;7;0;0;3
25;2017;7;0;0;3
26;2017;7;0;0;3
27;2017;7;0;0;3
28;2017;7;0;0;3
29;2017;7;0;1;3
30;2017;7;0;0;3
31;2017;7;0;0;3
32;2017;7;0;0;3
33;2017;7;0;0;3
34;2017;7;0;4;3
35;2017;7;1;0;3
36;2017;7;0;0;3
37;2017;7;1;0;3
38;2017;7;1;0;3
39;2017;7;0;0;3
40;2017;7;0;0;3
41;2017;7;0;0;3
42;2017;7;0;0;3
43;2017;7;0;1;3
44;2017;7;0;0;3
45;2017;7;0;0;3
48;2017;7;0;0;3
50;2017;7;0;0;3
51;2017;7;0;0;3
52;2017;7;0;0;3
53;2017;7;0;0;3
54;2017;7;0;0;3
55;2017;7;0;0;3
56;2017;7;1;0;3
57;2017;7;0;0;3
58;2017;7;0;0;3
59;2017;7;0;3;3
60;2017;7;0;1;3
61;2017;7;0;0;3
62;2017;7;0;0;3
63;2017;7;0;0;3
64;2017;7;0;0;3
65;2017;7;0;0;3
66;2017;7;0;0;3
67;2017;7;0;0;3
70;2017;7;0;0;3
71;2017;7;0;0;3
72;2017;7;0;0;3
73;2017;7;0;1;3
74;2017;7;0;0;3
75;2017;7;0;0;3
76;2017;7;0;0;3
77;2017;7;0;0;3
78;2017;7;0;0;3
79;2017;7;0;0;3
81;2017;7;0;0;3
82;2017;7;0;0;3
88;2017;7;0;1;3
89;2017;7;0;1;3
90;2017;7;0;0;3
91;2017;7;0;0;3
92;2017;7;0;0;3
93;2017;7;0;0;3
94;2017;7;0;0;3
95;2017;7;0;0;3
96;2017;7;0;0;3
97;2017;7;0;0;3
98;2017;7;0;0;3
99;2017;7;0;0;3
100;2017;7;0;0;3
101;2017;7;0;0;3
104;2017;7;0;0;3
105;2017;7;0;0;3
106;2017;7;0;0;3
107;2017;7;0;0;3
108;2017;7;0;0;3
109;2017;7;0;0;3
110;2017;7;0;1;3
111;2017;7;0;0;3
112;2017;7;0;0;3
118;2017;7;0;0;3
119;2017;7;0;0;3
120;2017;7;0;0;3
121;2017;7;0;0;3
122;2017;7;0;0;3
123;2017;7;0;2;3
124;2017;7;0;0;3
125;2017;7;0;0;3
126;2017;7;0;0;3
127;2017;7;0;0;3
128;2017;7;0;0;3
129;2017;7;0;0;3
130;2017;7;0;0;3
132;2017;7;0;0;3
134;2017;7;0;0;3
135;2017;7;0;0;3
136;2017;7;0;0;3
137;2017;7;0;0;3
138;2017;7;0;0;3
139;2017;7;0;0;3
140;2017;7;0;0;3
141;2017;7;0;0;3
142;2017;7;0;0;3
143;2017;7;0;0;3
144;2017;7;0;0;3
145;2017;7;0;0;3
146;2017;7;0;0;3
147;2017;7;0;0;3
148;2017;7;0;0;3
151;2017;7;0;0;3
152;2017;7;0;0;3
153;2017;7;0;0;3
154;2017;7;0;0;3
155;2017;7;0;0;3
156;2017;7;0;0;3
157;2017;7;0;0;3
158;2017;7;0;0;3
159;2017;7;0;0;3
165;2017;7;0;0;3
166;2017;7;0;0;3
167;2017;7;0;0;3
168;2017;7;0;0;3
1;2017;8;0;0;3
4;2017;8;0;0;3
5;2017;8;0;0;3
6;2017;8;0;0;3
7;2017;8;0;2;3
9;2017;8;0;0;3
10;2017;8;0;0;3
11;2017;8;0;0;3
12;2017;8;0;0;3
13;2017;8;0;0;3
14;2017;8;0;0;3
15;2017;8;0;0;3
16;2017;8;0;0;3
17;2017;8;0;0;3
18;2017;8;0;0;3
19;2017;8;0;0;3
20;2017;8;0;0;3
21;2017;8;0;0;3
22;2017;8;0;0;3
23;2017;8;0;0;3
24;2017;8;0;0;3
25;2017;8;0;0;3
26;2017;8;0;0;3
27;2017;8;0;0;3
28;2017;8;0;0;3
29;2017;8;0;0;3
30;2017;8;0;0;3
31;2017;8;0;0;3
32;2017;8;0;0;3
33;2017;8;0;0;3
34;2017;8;0;0;3
35;2017;8;0;2;3
36;2017;8;0;0;3
37;2017;8;0;0;3
38;2017;8;0;1;3
39;2017;8;0;3;3
40;2017;8;0;0;3
41;2017;8;0;0;3
42;2017;8;0;1;3
43;2017;8;0;0;3
44;2017;8;0;0;3
45;2017;8;0;0;3
48;2017;8;0;0;3
50;2017;8;0;0;3
51;2017;8;0;2;3
52;2017;8;0;1;3
53;2017;8;0;0;3
54;2017;8;1;0;3
55;2017;8;0;0;3
56;2017;8;0;0;3
57;2017;8;0;0;3
58;2017;8;0;0;3
59;2017;8;1;1;3
60;2017;8;0;0;3
61;2017;8;0;0;3
62;2017;8;0;1;3
63;2017;8;0;0;3
64;2017;8;0;0;3
65;2017;8;0;0;3
66;2017;8;0;0;3
67;2017;8;0;0;3
70;2017;8;0;0;3
71;2017;8;0;0;3
72;2017;8;0;0;3
73;2017;8;0;0;3
74;2017;8;0;0;3
75;2017;8;0;1;3
76;2017;8;1;0;3
77;2017;8;0;0;3
78;2017;8;0;0;3
79;2017;8;0;0;3
81;2017;8;0;0;3
82;2017;8;0;0;3
88;2017;8;0;0;3
89;2017;8;0;0;3
90;2017;8;0;0;3
91;2017;8;0;0;3
92;2017;8;0;0;3
93;2017;8;0;1;3
94;2017;8;0;0;3
95;2017;8;0;0;3
96;2017;8;0;0;3
97;2017;8;0;0;3
98;2017;8;0;0;3
99;2017;8;0;2;3
100;2017;8;0;0;3
101;2017;8;0;0;3
104;2017;8;0;0;3
105;2017;8;0;0;3
106;2017;8;0;0;3
107;2017;8;0;0;3
108;2017;8;0;1;3
109;2017;8;0;0;3
110;2017;8;1;0;3
111;2017;8;0;0;3
112;2017;8;0;0;3
118;2017;8;1;0;3
119;2017;8;0;0;3
120;2017;8;0;0;3
121;2017;8;0;0;3
122;2017;8;0;0;3
123;2017;8;0;0;3
124;2017;8;0;0;3
125;2017;8;0;0;3
126;2017;8;0;3;3
127;2017;8;0;0;3
128;2017;8;0;0;3
129;2017;8;0;0;3
130;2017;8;0;0;3
132;2017;8;0;0;3
134;2017;8;0;0;3
135;2017;8;0;0;3
136;2017;8;0;0;3
137;2017;8;0;0;3
138;2017;8;0;0;3
139;2017;8;0;0;3
140;2017;8;0;0;3
141;2017;8;0;0;3
142;2017;8;0;0;3
143;2017;8;0;2;3
144;2017;8;0;0;3
145;2017;8;0;0;3
146;2017;8;0;0;3
147;2017;8;0;0;3
148;2017;8;0;0;3
151;2017;8;0;0;3
152;2017;8;0;0;3
153;2017;8;0;0;3
154;2017;8;0;0;3
155;2017;8;0;0;3
156;2017;8;0;0;3
157;2017;8;0;0;3
158;2017;8;0;0;3
159;2017;8;0;0;3
165;2017;8;0;0;3
166;2017;8;0;0;3
167;2017;8;0;0;3
168;2017;8;0;0;3
1;2017;9;0;0;3
4;2017;9;0;0;3
5;2017;9;0;0;3
6;2017;9;0;0;3
7;2017;9;0;0;3
9;2017;9;0;0;3
10;2017;9;0;0;3
11;2017;9;0;0;3
12;2017;9;0;0;3
13;2017;9;0;0;3
14;2017;9;0;0;3
15;2017;9;0;0;3
16;2017;9;0;0;3
17;2017;9;0;0;3
18;2017;9;0;0;3
19;2017;9;0;0;3
20;2017;9;0;0;3
21;2017;9;0;0;3
22;2017;9;0;0;3
23;2017;9;0;0;3
24;2017;9;1;0;3
25;2017;9;0;0;3
26;2017;9;0;0;3
27;2017;9;1;0;3
28;2017;9;0;0;3
29;2017;9;0;0;3
30;2017;9;0;0;3
31;2017;9;0;0;3
32;2017;9;0;0;3
33;2017;9;1;0;3
34;2017;9;0;0;3
35;2017;9;0;1;3
36;2017;9;0;0;3
37;2017;9;0;0;3
38;2017;9;0;0;3
39;2017;9;0;0;3
40;2017;9;0;0;3
41;2017;9;0;0;3
42;2017;9;2;0;3
43;2017;9;0;0;3
44;2017;9;0;0;3
45;2017;9;0;0;3
48;2017;9;0;0;3
50;2017;9;0;0;3
51;2017;9;0;0;3
52;2017;9;0;0;3
53;2017;9;0;1;3
54;2017;9;0;0;3
55;2017;9;0;0;3
56;2017;9;0;0;3
57;2017;9;0;0;3
58;2017;9;0;0;3
59;2017;9;0;0;3
60;2017;9;0;0;3
61;2017;9;0;0;3
62;2017;9;0;0;3
63;2017;9;0;0;3
64;2017;9;0;3;3
65;2017;9;0;0;3
66;2017;9;0;0;3
67;2017;9;1;0;3
70;2017;9;0;0;3
71;2017;9;0;0;3
72;2017;9;0;0;3
73;2017;9;0;0;3
74;2017;9;0;0;3
75;2017;9;0;0;3
76;2017;9;0;0;3
77;2017;9;0;0;3
78;2017;9;0;0;3
79;2017;9;0;0;3
81;2017;9;0;0;3
82;2017;9;0;0;3
88;2017;9;0;0;3
89;2017;9;0;0;3
90;2017;9;0;0;3
91;2017;9;0;0;3
92;2017;9;0;0;3
93;2017;9;0;0;3
94;2017;9;0;0;3
95;2017;9;0;0;3
96;2017;9;0;0;3
97;2017;9;0;1;3
98;2017;9;0;0;3
99;2017;9;0;0;3
100;2017;9;0;0;3
101;2017;9;0;0;3
104;2017;9;0;0;3
105;2017;9;0;2;3
106;2017;9;0;0;3
107;2017;9;0;0;3
108;2017;9;0;0;3
109;2017;9;0;0;3
110;2017;9;0;0;3
111;2017;9;0;0;3
112;2017;9;0;0;3
118;2017;9;0;0;3
119;2017;9;0;0;3
120;2017;9;0;0;3
121;2017;9;0;0;3
122;2017;9;0;0;3
123;2017;9;0;0;3
124;2017;9;0;0;3
125;2017;9;0;0;3
126;2017;9;0;2;3
127;2017;9;0;0;3
128;2017;9;0;0;3
129;2017;9;0;0;3
130;2017;9;0;0;3
132;2017;9;0;0;3
134;2017;9;0;2;3
135;2017;9;0;0;3
136;2017;9;0;1;3
137;2017;9;0;0;3
138;2017;9;0;0;3
139;2017;9;0;0;3
140;2017;9;0;0;3
141;2017;9;0;0;3
142;2017;9;0;0;3
143;2017;9;0;0;3
144;2017;9;0;0;3
145;2017;9;0;0;3
146;2017;9;0;1;3
147;2017;9;0;0;3
148;2017;9;0;0;3
151;2017;9;0;1;3
152;2017;9;0;0;3
153;2017;9;0;0;3
154;2017;9;0;0;3
155;2017;9;0;0;3
156;2017;9;0;0;3
157;2017;9;0;0;3
158;2017;9;0;0;3
159;2017;9;0;0;3
165;2017;9;0;0;3
166;2017;9;0;0;3
167;2017;9;0;0;3
168;2017;9;0;0;3
1;2017;10;0;0;3
4;2017;10;0;0;3
5;2017;10;0;0;3
6;2017;10;0;0;3
7;2017;10;0;0;3
9;2017;10;0;0;3
10;2017;10;0;0;3
11;2017;10;0;0;3
12;2017;10;0;0;3
13;2017;10;0;0;3
14;2017;10;0;0;3
15;2017;10;0;0;3
16;2017;10;0;1;3
17;2017;10;0;0;3
18;2017;10;0;0;3
19;2017;10;0;0;3
20;2017;10;0;1;3
21;2017;10;0;0;3
22;2017;10;0;0;3
23;2017;10;0;0;3
24;2017;10;0;0;3
25;2017;10;0;0;3
26;2017;10;0;0;3
27;2017;10;0;0;3
28;2017;10;0;0;3
29;2017;10;0;1;3
30;2017;10;0;0;3
31;2017;10;0;2;3
32;2017;10;0;0;3
33;2017;10;0;0;3
34;2017;10;0;0;3
35;2017;10;0;1;3
36;2017;10;1;5;3
37;2017;10;0;0;3
38;2017;10;0;1;3
39;2017;10;0;0;3
40;2017;10;0;0;3
41;2017;10;0;0;3
42;2017;10;0;0;3
43;2017;10;0;0;3
44;2017;10;0;0;3
45;2017;10;0;0;3
48;2017;10;0;0;3
50;2017;10;0;2;3
51;2017;10;0;0;3
52;2017;10;0;0;3
53;2017;10;0;0;3
54;2017;10;0;5;3
55;2017;10;0;0;3
56;2017;10;0;0;3
57;2017;10;0;0;3
58;2017;10;0;0;3
59;2017;10;0;0;3
60;2017;10;1;0;3
61;2017;10;0;1;3
62;2017;10;0;0;3
63;2017;10;0;0;3
64;2017;10;0;0;3
65;2017;10;0;0;3
66;2017;10;0;1;3
67;2017;10;0;0;3
70;2017;10;0;0;3
71;2017;10;0;0;3
72;2017;10;0;1;3
73;2017;10;0;0;3
74;2017;10;0;0;3
75;2017;10;0;0;3
76;2017;10;0;0;3
77;2017;10;0;0;3
78;2017;10;0;0;3
79;2017;10;0;0;3
81;2017;10;0;0;3
82;2017;10;0;1;3
88;2017;10;0;0;3
89;2017;10;0;1;3
90;2017;10;0;0;3
91;2017;10;0;0;3
92;2017;10;0;0;3
93;2017;10;0;0;3
94;2017;10;0;0;3
95;2017;10;0;0;3
96;2017;10;0;0;3
97;2017;10;0;0;3
98;2017;10;0;0;3
99;2017;10;0;0;3
100;2017;10;0;0;3
101;2017;10;0;0;3
104;2017;10;0;0;3
105;2017;10;0;0;3
106;2017;10;0;0;3
107;2017;10;0;0;3
108;2017;10;0;1;3
109;2017;10;0;0;3
110;2017;10;0;0;3
111;2017;10;0;0;3
112;2017;10;0;0;3
118;2017;10;1;0;3
119;2017;10;0;0;3
120;2017;10;0;0;3
121;2017;10;0;0;3
122;2017;10;0;0;3
123;2017;10;0;0;3
124;2017;10;0;1;3
125;2017;10;0;0;3
126;2017;10;0;0;3
127;2017;10;0;0;3
128;2017;10;0;3;3
129;2017;10;0;0;3
130;2017;10;0;0;3
132;2017;10;0;0;3
134;2017;10;0;0;3
135;2017;10;0;0;3
136;2017;10;0;0;3
137;2017;10;0;0;3
138;2017;10;0;0;3
139;2017;10;0;0;3
140;2017;10;0;0;3
141;2017;10;0;0;3
142;2017;10;0;0;3
143;2017;10;0;2;3
144;2017;10;0;0;3
145;2017;10;0;0;3
146;2017;10;0;0;3
147;2017;10;0;0;3
148;2017;10;0;0;3
151;2017;10;0;1;3
152;2017;10;0;0;3
153;2017;10;0;0;3
154;2017;10;0;0;3
155;2017;10;0;0;3
156;2017;10;0;0;3
157;2017;10;0;0;3
158;2017;10;0;0;3
159;2017;10;0;0;3
165;2017;10;0;0;3
166;2017;10;1;0;3
167;2017;10;0;0;3
168;2017;10;0;0;3
1;2017;11;0;0;3
4;2017;11;0;0;3
5;2017;11;0;0;3
6;2017;11;1;0;3
7;2017;11;0;0;3
9;2017;11;0;0;3
10;2017;11;0;0;3
11;2017;11;0;0;3
12;2017;11;0;0;3
13;2017;11;0;0;3
14;2017;11;0;0;3
15;2017;11;0;0;3
16;2017;11;0;1;3
17;2017;11;0;0;3
18;2017;11;0;0;3
19;2017;11;0;0;3
20;2017;11;0;0;3
21;2017;11;0;0;3
22;2017;11;0;0;3
23;2017;11;0;0;3
24;2017;11;0;0;3
25;2017;11;0;0;3
26;2017;11;0;0;3
27;2017;11;0;0;3
28;2017;11;0;0;3
29;2017;11;0;0;3
30;2017;11;0;0;3
31;2017;11;0;0;3
32;2017;11;1;0;3
33;2017;11;0;0;3
34;2017;11;0;0;3
35;2017;11;1;2;3
36;2017;11;0;0;3
37;2017;11;1;1;3
38;2017;11;0;0;3
39;2017;11;0;0;3
40;2017;11;0;1;3
41;2017;11;0;0;3
42;2017;11;0;0;3
43;2017;11;0;0;3
44;2017;11;0;0;3
45;2017;11;0;0;3
48;2017;11;0;0;3
50;2017;11;0;0;3
51;2017;11;0;0;3
52;2017;11;0;0;3
53;2017;11;0;0;3
54;2017;11;0;1;3
55;2017;11;0;0;3
56;2017;11;0;0;3
57;2017;11;0;0;3
58;2017;11;0;1;3
59;2017;11;0;1;3
60;2017;11;0;0;3
61;2017;11;1;0;3
62;2017;11;0;0;3
63;2017;11;0;0;3
64;2017;11;0;0;3
65;2017;11;0;0;3
66;2017;11;0;0;3
67;2017;11;0;0;3
70;2017;11;0;0;3
71;2017;11;0;0;3
72;2017;11;0;1;3
73;2017;11;0;1;3
74;2017;11;0;0;3
75;2017;11;0;2;3
76;2017;11;0;0;3
77;2017;11;0;0;3
78;2017;11;0;0;3
79;2017;11;0;0;3
81;2017;11;0;0;3
82;2017;11;0;0;3
88;2017;11;0;0;3
89;2017;11;0;0;3
90;2017;11;0;0;3
91;2017;11;0;0;3
92;2017;11;0;0;3
93;2017;11;0;0;3
94;2017;11;0;1;3
95;2017;11;0;0;3
96;2017;11;0;0;3
97;2017;11;0;0;3
98;2017;11;0;0;3
99;2017;11;0;0;3
100;2017;11;0;0;3
101;2017;11;0;0;3
104;2017;11;0;0;3
105;2017;11;0;0;3
106;2017;11;0;0;3
107;2017;11;0;0;3
108;2017;11;0;0;3
109;2017;11;0;0;3
110;2017;11;0;0;3
111;2017;11;0;0;3
112;2017;11;0;0;3
118;2017;11;0;0;3
119;2017;11;0;0;3
120;2017;11;0;0;3
121;2017;11;0;0;3
122;2017;11;0;0;3
123;2017;11;0;0;3
124;2017;11;0;1;3
125;2017;11;0;0;3
126;2017;11;1;0;3
127;2017;11;0;0;3
128;2017;11;0;0;3
129;2017;11;0;0;3
130;2017;11;0;0;3
132;2017;11;0;0;3
134;2017;11;0;1;3
135;2017;11;0;0;3
136;2017;11;0;0;3
137;2017;11;0;0;3
138;2017;11;0;0;3
139;2017;11;0;0;3
140;2017;11;0;0;3
141;2017;11;0;0;3
142;2017;11;0;0;3
143;2017;11;0;0;3
144;2017;11;0;0;3
145;2017;11;0;0;3
146;2017;11;0;0;3
147;2017;11;0;0;3
148;2017;11;0;0;3
151;2017;11;0;0;3
152;2017;11;0;0;3
153;2017;11;0;0;3
154;2017;11;0;0;3
155;2017;11;0;0;3
156;2017;11;0;0;3
157;2017;11;0;0;3
158;2017;11;0;0;3
159;2017;11;0;0;3
165;2017;11;0;0;3
166;2017;11;0;2;3
167;2017;11;0;0;3
168;2017;11;0;0;3
1;2017;12;0;0;3
4;2017;12;0;0;3
5;2017;12;0;0;3
6;2017;12;0;1;3
7;2017;12;0;0;3
9;2017;12;0;1;3
10;2017;12;0;0;3
11;2017;12;0;0;3
12;2017;12;0;0;3
13;2017;12;0;0;3
14;2017;12;0;0;3
15;2017;12;0;0;3
16;2017;12;0;0;3
17;2017;12;0;0;3
18;2017;12;0;0;3
19;2017;12;0;0;3
20;2017;12;0;0;3
21;2017;12;0;0;3
22;2017;12;0;0;3
23;2017;12;0;0;3
24;2017;12;0;0;3
25;2017;12;0;0;3
26;2017;12;0;0;3
27;2017;12;0;0;3
28;2017;12;0;0;3
29;2017;12;0;0;3
30;2017;12;0;0;3
31;2017;12;0;0;3
32;2017;12;1;0;3
33;2017;12;0;0;3
34;2017;12;0;0;3
35;2017;12;0;1;3
36;2017;12;0;0;3
37;2017;12;0;0;3
38;2017;12;0;0;3
39;2017;12;0;0;3
40;2017;12;0;0;3
41;2017;12;0;0;3
42;2017;12;0;0;3
43;2017;12;0;0;3
44;2017;12;0;0;3
45;2017;12;0;0;3
48;2017;12;0;0;3
50;2017;12;0;0;3
51;2017;12;0;0;3
52;2017;12;0;0;3
53;2017;12;0;0;3
54;2017;12;1;0;3
55;2017;12;0;0;3
56;2017;12;0;0;3
57;2017;12;0;0;3
58;2017;12;0;1;3
59;2017;12;0;2;3
60;2017;12;0;0;3
61;2017;12;0;0;3
62;2017;12;0;1;3
63;2017;12;0;0;3
64;2017;12;0;0;3
65;2017;12;0;0;3
66;2017;12;0;0;3
67;2017;12;0;0;3
70;2017;12;0;0;3
71;2017;12;0;0;3
72;2017;12;0;1;3
73;2017;12;0;3;3
74;2017;12;0;1;3
75;2017;12;0;0;3
76;2017;12;0;0;3
77;2017;12;0;0;3
78;2017;12;1;0;3
79;2017;12;0;0;3
81;2017;12;0;1;3
82;2017;12;0;3;3
88;2017;12;0;0;3
89;2017;12;0;0;3
90;2017;12;0;0;3
91;2017;12;0;0;3
92;2017;12;0;0;3
93;2017;12;0;0;3
94;2017;12;0;0;3
95;2017;12;0;1;3
96;2017;12;0;0;3
97;2017;12;0;0;3
98;2017;12;0;0;3
99;2017;12;0;0;3
100;2017;12;0;0;3
101;2017;12;0;0;3
104;2017;12;0;0;3
105;2017;12;0;1;3
106;2017;12;0;0;3
107;2017;12;0;0;3
108;2017;12;0;1;3
109;2017;12;0;0;3
110;2017;12;0;0;3
111;2017;12;0;0;3
112;2017;12;0;0;3
118;2017;12;0;0;3
119;2017;12;0;0;3
120;2017;12;0;0;3
121;2017;12;0;0;3
122;2017;12;0;0;3
123;2017;12;0;0;3
124;2017;12;0;0;3
125;2017;12;0;0;3
126;2017;12;1;1;3
127;2017;12;0;1;3
128;2017;12;0;0;3
129;2017;12;0;0;3
130;2017;12;0;1;3
132;2017;12;0;0;3
134;2017;12;2;0;3
135;2017;12;0;0;3
136;2017;12;0;0;3
137;2017;12;0;0;3
138;2017;12;0;0;3
139;2017;12;0;0;3
140;2017;12;0;0;3
141;2017;12;0;0;3
142;2017;12;0;0;3
143;2017;12;0;0;3
144;2017;12;0;0;3
145;2017;12;0;0;3
146;2017;12;0;0;3
147;2017;12;0;1;3
148;2017;12;0;0;3
151;2017;12;0;0;3
152;2017;12;0;0;3
153;2017;12;0;0;3
154;2017;12;0;0;3
155;2017;12;0;0;3
156;2017;12;0;0;3
157;2017;12;0;0;3
158;2017;12;0;0;3
159;2017;12;0;0;3
165;2017;12;0;0;3
166;2017;12;0;0;3
167;2017;12;0;0;3
168;2017;12;0;0;3
1;2018;1;0;0;3
4;2018;1;0;0;3
5;2018;1;0;0;3
6;2018;1;0;0;3
7;2018;1;0;1;3
9;2018;1;0;0;3
10;2018;1;0;3;3
11;2018;1;0;1;3
12;2018;1;0;0;3
13;2018;1;0;0;3
14;2018;1;0;0;3
15;2018;1;0;0;3
16;2018;1;0;0;3
17;2018;1;0;0;3
18;2018;1;0;0;3
19;2018;1;0;0;3
20;2018;1;0;0;3
21;2018;1;0;1;3
22;2018;1;0;0;3
23;2018;1;0;0;3
24;2018;1;0;0;3
25;2018;1;0;0;3
26;2018;1;0;0;3
27;2018;1;0;0;3
28;2018;1;0;0;3
29;2018;1;0;0;3
30;2018;1;0;1;3
31;2018;1;0;5;3
32;2018;1;0;0;3
33;2018;1;0;1;3
34;2018;1;0;0;3
35;2018;1;0;0;3
36;2018;1;0;0;3
37;2018;1;0;3;3
38;2018;1;0;0;3
39;2018;1;0;0;3
40;2018;1;0;0;3
41;2018;1;0;0;3
42;2018;1;0;0;3
43;2018;1;0;0;3
44;2018;1;0;0;3
45;2018;1;0;0;3
48;2018;1;0;1;3
50;2018;1;0;0;3
51;2018;1;0;0;3
52;2018;1;0;0;3
53;2018;1;0;0;3
54;2018;1;1;1;3
55;2018;1;1;0;3
56;2018;1;0;0;3
57;2018;1;0;0;3
58;2018;1;1;1;3
59;2018;1;0;2;3
60;2018;1;0;0;3
61;2018;1;0;0;3
62;2018;1;0;0;3
63;2018;1;0;0;3
64;2018;1;1;0;3
65;2018;1;0;0;3
66;2018;1;0;0;3
67;2018;1;0;0;3
70;2018;1;0;0;3
71;2018;1;0;0;3
72;2018;1;0;0;3
73;2018;1;0;0;3
74;2018;1;0;1;3
75;2018;1;0;0;3
76;2018;1;0;0;3
77;2018;1;0;0;3
78;2018;1;0;0;3
79;2018;1;0;0;3
81;2018;1;0;0;3
82;2018;1;0;0;3
88;2018;1;0;0;3
89;2018;1;0;0;3
90;2018;1;0;0;3
91;2018;1;0;2;3
92;2018;1;0;0;3
93;2018;1;0;0;3
94;2018;1;0;0;3
95;2018;1;0;0;3
96;2018;1;0;0;3
97;2018;1;0;0;3
98;2018;1;0;0;3
99;2018;1;0;0;3
100;2018;1;0;0;3
101;2018;1;0;0;3
104;2018;1;0;1;3
105;2018;1;0;0;3
106;2018;1;0;0;3
107;2018;1;0;0;3
108;2018;1;0;0;3
109;2018;1;0;0;3
110;2018;1;0;1;3
111;2018;1;0;0;3
112;2018;1;0;0;3
118;2018;1;0;0;3
119;2018;1;0;0;3
120;2018;1;0;0;3
121;2018;1;0;0;3
122;2018;1;0;0;3
123;2018;1;0;0;3
124;2018;1;0;0;3
125;2018;1;0;0;3
126;2018;1;0;2;3
127;2018;1;0;0;3
128;2018;1;0;0;3
129;2018;1;0;0;3
130;2018;1;0;0;3
132;2018;1;0;0;3
134;2018;1;0;0;3
135;2018;1;0;0;3
136;2018;1;1;0;3
137;2018;1;0;0;3
138;2018;1;1;0;3
139;2018;1;0;0;3
140;2018;1;0;0;3
141;2018;1;0;0;3
142;2018;1;0;0;3
143;2018;1;0;0;3
144;2018;1;0;0;3
145;2018;1;0;0;3
146;2018;1;1;0;3
147;2018;1;0;0;3
148;2018;1;0;0;3
151;2018;1;0;0;3
152;2018;1;0;0;3
153;2018;1;0;0;3
154;2018;1;0;0;3
155;2018;1;0;0;3
156;2018;1;0;0;3
157;2018;1;0;0;3
158;2018;1;0;0;3
159;2018;1;0;0;3
165;2018;1;0;0;3
166;2018;1;0;2;3
167;2018;1;0;0;3
168;2018;1;0;0;3
1;2018;2;0;0;3
4;2018;2;0;0;3
5;2018;2;0;0;3
6;2018;2;0;0;3
7;2018;2;0;0;3
9;2018;2;0;0;3
10;2018;2;0;0;3
11;2018;2;0;0;3
12;2018;2;0;0;3
13;2018;2;0;0;3
14;2018;2;0;0;3
15;2018;2;0;0;3
16;2018;2;0;0;3
17;2018;2;0;0;3
18;2018;2;0;0;3
19;2018;2;0;0;3
20;2018;2;0;1;3
21;2018;2;0;1;3
22;2018;2;0;0;3
23;2018;2;0;0;3
24;2018;2;0;0;3
25;2018;2;0;0;3
26;2018;2;0;0;3
27;2018;2;0;0;3
28;2018;2;0;1;3
29;2018;2;0;0;3
30;2018;2;0;0;3
31;2018;2;0;2;3
32;2018;2;1;1;3
33;2018;2;0;0;3
34;2018;2;0;0;3
35;2018;2;0;0;3
36;2018;2;0;0;3
37;2018;2;0;0;3
38;2018;2;0;0;3
39;2018;2;1;1;3
40;2018;2;0;0;3
41;2018;2;0;0;3
42;2018;2;0;0;3
43;2018;2;0;1;3
44;2018;2;0;0;3
45;2018;2;0;0;3
48;2018;2;0;0;3
50;2018;2;1;2;3
51;2018;2;0;0;3
52;2018;2;0;0;3
53;2018;2;0;0;3
54;2018;2;0;0;3
55;2018;2;0;0;3
56;2018;2;0;0;3
57;2018;2;0;0;3
58;2018;2;1;0;3
59;2018;2;0;0;3
60;2018;2;0;0;3
61;2018;2;1;0;3
62;2018;2;1;0;3
63;2018;2;0;0;3
64;2018;2;0;1;3
65;2018;2;0;0;3
66;2018;2;1;0;3
67;2018;2;0;0;3
70;2018;2;0;1;3
71;2018;2;0;1;3
72;2018;2;0;0;3
73;2018;2;0;0;3
74;2018;2;0;0;3
75;2018;2;0;0;3
76;2018;2;0;0;3
77;2018;2;0;0;3
78;2018;2;0;0;3
79;2018;2;0;0;3
81;2018;2;0;0;3
82;2018;2;0;0;3
88;2018;2;0;1;3
89;2018;2;0;1;3
90;2018;2;0;0;3
91;2018;2;0;0;3
92;2018;2;0;0;3
93;2018;2;0;0;3
94;2018;2;0;0;3
95;2018;2;0;0;3
96;2018;2;0;3;3
97;2018;2;0;0;3
98;2018;2;0;0;3
99;2018;2;0;0;3
100;2018;2;0;0;3
101;2018;2;0;0;3
104;2018;2;0;0;3
105;2018;2;0;0;3
106;2018;2;0;0;3
107;2018;2;0;0;3
108;2018;2;0;0;3
109;2018;2;0;0;3
110;2018;2;0;0;3
111;2018;2;0;0;3
112;2018;2;0;0;3
118;2018;2;0;0;3
119;2018;2;0;0;3
120;2018;2;0;0;3
121;2018;2;0;0;3
122;2018;2;0;0;3
123;2018;2;0;0;3
124;2018;2;0;0;3
125;2018;2;0;0;3
126;2018;2;0;0;3
127;2018;2;0;0;3
128;2018;2;0;0;3
129;2018;2;0;0;3
130;2018;2;0;0;3
132;2018;2;0;0;3
134;2018;2;0;0;3
135;2018;2;0;0;3
136;2018;2;0;0;3
137;2018;2;0;0;3
138;2018;2;0;0;3
139;2018;2;0;0;3
140;2018;2;0;0;3
141;2018;2;0;0;3
142;2018;2;0;0;3
143;2018;2;0;0;3
144;2018;2;0;0;3
145;2018;2;0;0;3
146;2018;2;0;1;3
147;2018;2;0;1;3
148;2018;2;0;0;3
151;2018;2;0;0;3
152;2018;2;0;0;3
153;2018;2;0;0;3
154;2018;2;0;0;3
155;2018;2;0;0;3
156;2018;2;0;0;3
157;2018;2;0;0;3
158;2018;2;0;0;3
159;2018;2;0;0;3
165;2018;2;0;0;3
166;2018;2;0;0;3
167;2018;2;0;0;3
168;2018;2;0;0;3
1;2018;3;0;0;3
4;2018;3;0;0;3
5;2018;3;0;0;3
6;2018;3;0;0;3
7;2018;3;0;0;3
9;2018;3;0;0;3
10;2018;3;0;0;3
11;2018;3;0;0;3
12;2018;3;0;0;3
13;2018;3;0;0;3
14;2018;3;0;0;3
15;2018;3;0;0;3
16;2018;3;0;0;3
17;2018;3;0;0;3
18;2018;3;0;0;3
19;2018;3;0;0;3
20;2018;3;0;0;3
21;2018;3;0;0;3
22;2018;3;0;0;3
23;2018;3;0;0;3
24;2018;3;0;0;3
25;2018;3;0;0;3
26;2018;3;0;0;3
27;2018;3;0;1;3
28;2018;3;0;0;3
29;2018;3;0;0;3
30;2018;3;0;0;3
31;2018;3;0;0;3
32;2018;3;0;0;3
33;2018;3;0;0;3
34;2018;3;0;0;3
35;2018;3;0;1;3
36;2018;3;0;0;3
37;2018;3;0;0;3
38;2018;3;0;0;3
39;2018;3;0;0;3
40;2018;3;0;0;3
41;2018;3;0;0;3
42;2018;3;0;0;3
43;2018;3;0;2;3
44;2018;3;0;0;3
45;2018;3;0;0;3
48;2018;3;0;0;3
50;2018;3;0;0;3
51;2018;3;0;0;3
52;2018;3;0;0;3
53;2018;3;0;0;3
54;2018;3;2;0;3
55;2018;3;0;1;3
56;2018;3;0;0;3
57;2018;3;0;0;3
58;2018;3;0;0;3
59;2018;3;0;0;3
60;2018;3;1;0;3
61;2018;3;0;0;3
62;2018;3;0;1;3
63;2018;3;0;0;3
64;2018;3;0;1;3
65;2018;3;0;0;3
66;2018;3;0;0;3
67;2018;3;0;0;3
70;2018;3;0;0;3
71;2018;3;0;0;3
72;2018;3;0;0;3
73;2018;3;0;0;3
74;2018;3;0;1;3
75;2018;3;0;0;3
76;2018;3;1;0;3
77;2018;3;0;0;3
78;2018;3;0;0;3
79;2018;3;0;0;3
81;2018;3;0;0;3
82;2018;3;0;1;3
88;2018;3;0;0;3
89;2018;3;0;1;3
90;2018;3;0;1;3
91;2018;3;0;0;3
92;2018;3;0;0;3
93;2018;3;0;0;3
94;2018;3;0;0;3
95;2018;3;0;0;3
96;2018;3;0;0;3
97;2018;3;0;0;3
98;2018;3;0;0;3
99;2018;3;0;0;3
100;2018;3;0;0;3
101;2018;3;0;0;3
104;2018;3;0;0;3
105;2018;3;0;0;3
106;2018;3;0;0;3
107;2018;3;0;0;3
108;2018;3;0;0;3
109;2018;3;0;0;3
110;2018;3;0;0;3
111;2018;3;0;0;3
112;2018;3;0;0;3
118;2018;3;0;0;3
119;2018;3;0;0;3
120;2018;3;0;0;3
121;2018;3;0;0;3
122;2018;3;0;0;3
123;2018;3;1;0;3
124;2018;3;0;0;3
125;2018;3;0;0;3
126;2018;3;0;0;3
127;2018;3;0;0;3
128;2018;3;0;0;3
129;2018;3;1;0;3
130;2018;3;0;0;3
132;2018;3;0;0;3
134;2018;3;0;1;3
135;2018;3;0;0;3
136;2018;3;0;0;3
137;2018;3;0;0;3
138;2018;3;0;0;3
139;2018;3;0;0;3
140;2018;3;0;0;3
141;2018;3;0;0;3
142;2018;3;0;0;3
143;2018;3;0;0;3
144;2018;3;0;0;3
145;2018;3;0;0;3
146;2018;3;0;0;3
147;2018;3;0;0;3
148;2018;3;0;0;3
151;2018;3;0;0;3
152;2018;3;0;0;3
153;2018;3;0;0;3
154;2018;3;0;0;3
155;2018;3;0;0;3
156;2018;3;0;0;3
157;2018;3;0;0;3
158;2018;3;0;0;3
159;2018;3;0;0;3
165;2018;3;0;0;3
166;2018;3;0;0;3
167;2018;3;0;0;3
168;2018;3;0;0;3
1;2018;4;0;0;3
4;2018;4;0;0;3
5;2018;4;0;0;3
6;2018;4;0;0;3
7;2018;4;0;0;3
9;2018;4;0;0;3
10;2018;4;0;1;3
11;2018;4;0;0;3
12;2018;4;0;0;3
13;2018;4;0;0;3
14;2018;4;0;0;3
15;2018;4;0;0;3
16;2018;4;0;0;3
17;2018;4;0;0;3
18;2018;4;0;0;3
19;2018;4;0;1;3
20;2018;4;0;0;3
21;2018;4;1;0;3
22;2018;4;0;0;3
23;2018;4;0;0;3
24;2018;4;0;0;3
25;2018;4;0;0;3
26;2018;4;0;0;3
27;2018;4;0;0;3
28;2018;4;0;0;3
29;2018;4;0;0;3
30;2018;4;0;0;3
31;2018;4;0;0;3
32;2018;4;0;0;3
33;2018;4;0;0;3
34;2018;4;0;0;3
35;2018;4;0;0;3
36;2018;4;0;0;3
37;2018;4;0;0;3
38;2018;4;0;0;3
39;2018;4;0;0;3
40;2018;4;0;0;3
41;2018;4;0;0;3
42;2018;4;0;0;3
43;2018;4;0;0;3
44;2018;4;0;0;3
45;2018;4;0;0;3
48;2018;4;0;0;3
50;2018;4;0;0;3
51;2018;4;0;0;3
52;2018;4;1;0;3
53;2018;4;0;0;3
54;2018;4;0;0;3
55;2018;4;0;0;3
56;2018;4;0;0;3
57;2018;4;0;5;3
58;2018;4;0;0;3
59;2018;4;0;1;3
60;2018;4;0;0;3
61;2018;4;0;0;3
62;2018;4;0;0;3
63;2018;4;0;0;3
64;2018;4;0;0;3
65;2018;4;0;0;3
66;2018;4;0;0;3
67;2018;4;0;0;3
70;2018;4;0;0;3
71;2018;4;0;0;3
72;2018;4;0;0;3
73;2018;4;0;0;3
74;2018;4;0;0;3
75;2018;4;0;1;3
76;2018;4;0;0;3
77;2018;4;0;0;3
78;2018;4;0;0;3
79;2018;4;0;0;3
81;2018;4;0;0;3
82;2018;4;0;1;3
88;2018;4;1;0;3
89;2018;4;0;1;3
90;2018;4;0;0;3
91;2018;4;0;0;3
92;2018;4;0;0;3
93;2018;4;0;0;3
94;2018;4;0;0;3
95;2018;4;0;0;3
96;2018;4;0;0;3
97;2018;4;0;0;3
98;2018;4;0;0;3
99;2018;4;0;0;3
100;2018;4;0;0;3
101;2018;4;0;0;3
104;2018;4;0;0;3
105;2018;4;0;1;3
106;2018;4;0;0;3
107;2018;4;0;0;3
108;2018;4;0;0;3
109;2018;4;0;0;3
110;2018;4;0;1;3
111;2018;4;0;0;3
112;2018;4;0;0;3
118;2018;4;0;0;3
119;2018;4;0;0;3
120;2018;4;0;0;3
121;2018;4;0;0;3
122;2018;4;0;0;3
123;2018;4;0;0;3
124;2018;4;0;0;3
125;2018;4;0;0;3
126;2018;4;0;0;3
127;2018;4;0;0;3
128;2018;4;1;0;3
129;2018;4;0;0;3
130;2018;4;0;0;3
132;2018;4;0;0;3
134;2018;4;0;0;3
135;2018;4;0;0;3
136;2018;4;0;0;3
137;2018;4;0;0;3
138;2018;4;0;0;3
139;2018;4;0;0;3
140;2018;4;0;0;3
141;2018;4;0;0;3
142;2018;4;0;0;3
143;2018;4;0;0;3
144;2018;4;0;0;3
145;2018;4;0;0;3
146;2018;4;1;0;3
147;2018;4;0;0;3
148;2018;4;0;1;3
151;2018;4;0;2;3
152;2018;4;0;0;3
153;2018;4;0;0;3
154;2018;4;0;0;3
155;2018;4;0;0;3
156;2018;4;0;0;3
157;2018;4;0;0;3
158;2018;4;0;0;3
159;2018;4;0;0;3
165;2018;4;0;0;3
166;2018;4;0;0;3
167;2018;4;0;0;3
168;2018;4;0;0;3
1;2018;5;0;0;3
4;2018;5;0;0;3
5;2018;5;0;0;3
6;2018;5;0;0;3
7;2018;5;0;0;3
9;2018;5;0;0;3
10;2018;5;0;0;3
11;2018;5;0;0;3
12;2018;5;0;0;3
13;2018;5;0;0;3
14;2018;5;0;0;3
15;2018;5;0;0;3
16;2018;5;0;0;3
17;2018;5;0;0;3
18;2018;5;0;0;3
19;2018;5;0;1;3
20;2018;5;0;0;3
21;2018;5;0;0;3
22;2018;5;1;1;3
23;2018;5;0;0;3
24;2018;5;0;0;3
25;2018;5;1;0;3
26;2018;5;0;0;3
27;2018;5;0;0;3
28;2018;5;0;0;3
29;2018;5;0;0;3
30;2018;5;0;0;3
31;2018;5;0;0;3
32;2018;5;0;0;3
33;2018;5;0;0;3
34;2018;5;0;1;3
35;2018;5;0;0;3
36;2018;5;0;0;3
37;2018;5;0;0;3
38;2018;5;0;0;3
39;2018;5;0;0;3
40;2018;5;0;1;3
41;2018;5;0;0;3
42;2018;5;0;0;3
43;2018;5;0;1;3
44;2018;5;0;0;3
45;2018;5;0;0;3
48;2018;5;0;0;3
50;2018;5;1;0;3
51;2018;5;0;0;3
52;2018;5;0;0;3
53;2018;5;0;4;3
54;2018;5;1;2;3
55;2018;5;0;1;3
56;2018;5;0;0;3
57;2018;5;0;0;3
58;2018;5;0;2;3
59;2018;5;0;1;3
60;2018;5;0;1;3
61;2018;5;0;0;3
62;2018;5;0;0;3
63;2018;5;0;0;3
64;2018;5;0;1;3
65;2018;5;0;0;3
66;2018;5;0;0;3
67;2018;5;0;0;3
70;2018;5;0;0;3
71;2018;5;0;3;3
72;2018;5;0;0;3
73;2018;5;0;0;3
74;2018;5;0;0;3
75;2018;5;0;1;3
76;2018;5;0;0;3
77;2018;5;0;0;3
78;2018;5;0;1;3
79;2018;5;0;0;3
81;2018;5;0;0;3
82;2018;5;0;0;3
88;2018;5;0;0;3
89;2018;5;0;0;3
90;2018;5;0;0;3
91;2018;5;0;0;3
92;2018;5;0;0;3
93;2018;5;0;0;3
94;2018;5;0;0;3
95;2018;5;0;0;3
96;2018;5;0;0;3
97;2018;5;0;0;3
98;2018;5;0;0;3
99;2018;5;0;0;3
100;2018;5;1;0;3
101;2018;5;0;0;3
104;2018;5;0;0;3
105;2018;5;0;2;3
106;2018;5;0;1;3
107;2018;5;0;0;3
108;2018;5;0;0;3
109;2018;5;0;0;3
110;2018;5;0;2;3
111;2018;5;0;0;3
112;2018;5;0;0;3
118;2018;5;0;0;3
119;2018;5;0;0;3
120;2018;5;0;0;3
121;2018;5;0;0;3
122;2018;5;0;0;3
123;2018;5;0;0;3
124;2018;5;0;0;3
125;2018;5;0;0;3
126;2018;5;0;0;3
127;2018;5;0;0;3
128;2018;5;0;0;3
129;2018;5;0;0;3
130;2018;5;0;0;3
132;2018;5;0;0;3
134;2018;5;0;0;3
135;2018;5;0;0;3
136;2018;5;0;0;3
137;2018;5;0;0;3
138;2018;5;0;0;3
139;2018;5;0;0;3
140;2018;5;0;0;3
141;2018;5;0;0;3
142;2018;5;0;0;3
143;2018;5;0;0;3
144;2018;5;0;0;3
145;2018;5;0;0;3
146;2018;5;1;1;3
147;2018;5;0;0;3
148;2018;5;0;0;3
151;2018;5;0;0;3
152;2018;5;0;0;3
153;2018;5;0;0;3
154;2018;5;0;0;3
155;2018;5;0;0;3
156;2018;5;0;0;3
157;2018;5;0;0;3
158;2018;5;0;0;3
159;2018;5;1;0;3
165;2018;5;0;0;3
166;2018;5;0;3;3
167;2018;5;0;0;3
168;2018;5;0;0;3
1;2018;6;0;0;3
4;2018;6;0;0;3
5;2018;6;0;0;3
6;2018;6;0;0;3
7;2018;6;0;0;3
9;2018;6;0;0;3
10;2018;6;0;0;3
11;2018;6;1;0;3
12;2018;6;0;0;3
13;2018;6;0;0;3
14;2018;6;0;0;3
15;2018;6;0;0;3
16;2018;6;0;0;3
17;2018;6;0;0;3
18;2018;6;0;1;3
19;2018;6;0;1;3
20;2018;6;0;0;3
21;2018;6;0;0;3
22;2018;6;0;0;3
23;2018;6;0;0;3
24;2018;6;0;0;3
25;2018;6;0;0;3
26;2018;6;0;0;3
27;2018;6;0;0;3
28;2018;6;0;0;3
29;2018;6;0;0;3
30;2018;6;0;0;3
31;2018;6;0;0;3
32;2018;6;0;2;3
33;2018;6;0;2;3
34;2018;6;0;2;3
35;2018;6;0;2;3
36;2018;6;0;0;3
37;2018;6;0;0;3
38;2018;6;0;0;3
39;2018;6;0;0;3
40;2018;6;0;0;3
41;2018;6;0;1;3
42;2018;6;0;0;3
43;2018;6;0;1;3
44;2018;6;0;0;3
45;2018;6;0;0;3
48;2018;6;0;2;3
50;2018;6;0;0;3
51;2018;6;0;0;3
52;2018;6;0;0;3
53;2018;6;0;0;3
54;2018;6;0;0;3
55;2018;6;0;0;3
56;2018;6;0;0;3
57;2018;6;0;0;3
58;2018;6;0;0;3
59;2018;6;0;2;3
60;2018;6;0;4;3
61;2018;6;0;0;3
62;2018;6;0;2;3
63;2018;6;0;0;3
64;2018;6;0;0;3
65;2018;6;1;1;3
66;2018;6;0;0;3
67;2018;6;0;0;3
70;2018;6;0;0;3
71;2018;6;0;0;3
72;2018;6;0;0;3
73;2018;6;0;0;3
74;2018;6;0;0;3
75;2018;6;0;0;3
76;2018;6;0;0;3
77;2018;6;0;0;3
78;2018;6;0;0;3
79;2018;6;0;0;3
81;2018;6;0;0;3
82;2018;6;0;0;3
88;2018;6;0;0;3
89;2018;6;0;0;3
90;2018;6;0;1;3
91;2018;6;0;0;3
92;2018;6;0;0;3
93;2018;6;0;0;3
94;2018;6;0;0;3
95;2018;6;0;0;3
96;2018;6;0;0;3
97;2018;6;0;0;3
98;2018;6;0;0;3
99;2018;6;0;0;3
100;2018;6;0;0;3
101;2018;6;0;0;3
104;2018;6;0;0;3
105;2018;6;0;0;3
106;2018;6;0;0;3
107;2018;6;0;0;3
108;2018;6;0;0;3
109;2018;6;0;0;3
110;2018;6;0;0;3
111;2018;6;0;0;3
112;2018;6;0;0;3
118;2018;6;0;0;3
119;2018;6;0;0;3
120;2018;6;0;0;3
121;2018;6;0;0;3
122;2018;6;0;0;3
123;2018;6;0;0;3
124;2018;6;0;0;3
125;2018;6;1;0;3
126;2018;6;0;1;3
127;2018;6;0;0;3
128;2018;6;0;0;3
129;2018;6;0;0;3
130;2018;6;0;0;3
132;2018;6;0;0;3
134;2018;6;0;1;3
135;2018;6;0;0;3
136;2018;6;0;0;3
137;2018;6;0;0;3
138;2018;6;0;0;3
139;2018;6;0;0;3
140;2018;6;0;0;3
141;2018;6;0;0;3
142;2018;6;0;0;3
143;2018;6;0;0;3
144;2018;6;1;0;3
145;2018;6;0;0;3
146;2018;6;0;0;3
147;2018;6;0;0;3
148;2018;6;0;0;3
151;2018;6;0;0;3
152;2018;6;0;1;3
153;2018;6;0;0;3
154;2018;6;0;0;3
155;2018;6;0;0;3
156;2018;6;0;0;3
157;2018;6;0;0;3
158;2018;6;0;0;3
159;2018;6;0;0;3
165;2018;6;0;0;3
166;2018;6;0;2;3
167;2018;6;0;0;3
168;2018;6;0;0;3
1;2018;7;0;0;3
4;2018;7;0;0;3
5;2018;7;0;0;3
6;2018;7;0;0;3
7;2018;7;0;0;3
9;2018;7;0;0;3
10;2018;7;0;1;3
11;2018;7;0;0;3
12;2018;7;0;0;3
13;2018;7;0;0;3
14;2018;7;0;0;3
15;2018;7;0;0;3
16;2018;7;0;0;3
17;2018;7;1;0;3
18;2018;7;0;0;3
19;2018;7;0;0;3
20;2018;7;0;0;3
21;2018;7;0;0;3
22;2018;7;0;0;3
23;2018;7;0;0;3
24;2018;7;0;0;3
25;2018;7;0;0;3
26;2018;7;0;0;3
27;2018;7;0;0;3
28;2018;7;0;0;3
29;2018;7;0;0;3
30;2018;7;0;0;3
31;2018;7;0;0;3
32;2018;7;0;1;3
33;2018;7;0;1;3
34;2018;7;0;0;3
35;2018;7;0;0;3
36;2018;7;1;1;3
37;2018;7;0;0;3
38;2018;7;0;0;3
39;2018;7;0;0;3
40;2018;7;0;0;3
41;2018;7;0;0;3
42;2018;7;0;0;3
43;2018;7;0;0;3
44;2018;7;0;0;3
45;2018;7;0;0;3
48;2018;7;0;0;3
50;2018;7;0;0;3
51;2018;7;0;0;3
52;2018;7;0;0;3
53;2018;7;0;0;3
54;2018;7;0;2;3
55;2018;7;0;0;3
56;2018;7;0;0;3
57;2018;7;0;0;3
58;2018;7;0;1;3
59;2018;7;1;5;3
60;2018;7;0;0;3
61;2018;7;0;0;3
62;2018;7;0;0;3
63;2018;7;0;0;3
64;2018;7;1;0;3
65;2018;7;0;2;3
66;2018;7;0;0;3
67;2018;7;0;0;3
70;2018;7;0;0;3
71;2018;7;0;0;3
72;2018;7;0;2;3
73;2018;7;0;0;3
74;2018;7;0;0;3
75;2018;7;0;0;3
76;2018;7;0;1;3
77;2018;7;0;0;3
78;2018;7;0;0;3
79;2018;7;0;0;3
81;2018;7;0;0;3
82;2018;7;0;0;3
88;2018;7;1;0;3
89;2018;7;1;0;3
90;2018;7;1;2;3
91;2018;7;0;0;3
92;2018;7;0;0;3
93;2018;7;0;0;3
94;2018;7;0;0;3
95;2018;7;0;0;3
96;2018;7;0;0;3
97;2018;7;0;0;3
98;2018;7;0;0;3
99;2018;7;0;0;3
100;2018;7;1;1;3
101;2018;7;0;0;3
104;2018;7;0;0;3
105;2018;7;0;1;3
106;2018;7;0;0;3
107;2018;7;0;0;3
108;2018;7;0;0;3
109;2018;7;0;0;3
110;2018;7;0;0;3
111;2018;7;0;0;3
112;2018;7;0;0;3
118;2018;7;0;1;3
119;2018;7;0;0;3
120;2018;7;0;0;3
121;2018;7;0;0;3
122;2018;7;0;0;3
123;2018;7;0;1;3
124;2018;7;0;0;3
125;2018;7;0;0;3
126;2018;7;0;0;3
127;2018;7;0;0;3
128;2018;7;0;0;3
129;2018;7;0;0;3
130;2018;7;0;0;3
132;2018;7;0;0;3
134;2018;7;0;0;3
135;2018;7;0;0;3
136;2018;7;0;0;3
137;2018;7;0;0;3
138;2018;7;0;0;3
139;2018;7;0;0;3
140;2018;7;0;0;3
141;2018;7;0;0;3
142;2018;7;0;0;3
143;2018;7;0;0;3
144;2018;7;0;0;3
145;2018;7;0;0;3
146;2018;7;0;1;3
147;2018;7;0;0;3
148;2018;7;0;0;3
151;2018;7;0;0;3
152;2018;7;0;0;3
153;2018;7;0;0;3
154;2018;7;0;0;3
155;2018;7;0;0;3
156;2018;7;0;0;3
157;2018;7;0;0;3
158;2018;7;0;0;3
159;2018;7;0;0;3
165;2018;7;0;0;3
166;2018;7;0;0;3
167;2018;7;0;0;3
168;2018;7;0;0;3
1;2018;8;0;0;3
4;2018;8;0;0;3
5;2018;8;0;1;3
6;2018;8;0;0;3
7;2018;8;0;0;3
9;2018;8;0;0;3
10;2018;8;0;0;3
11;2018;8;0;0;3
12;2018;8;0;0;3
13;2018;8;0;0;3
14;2018;8;0;0;3
15;2018;8;0;0;3
16;2018;8;0;0;3
17;2018;8;0;0;3
18;2018;8;0;0;3
19;2018;8;0;0;3
20;2018;8;0;1;3
21;2018;8;0;0;3
22;2018;8;0;0;3
23;2018;8;0;0;3
24;2018;8;0;0;3
25;2018;8;0;0;3
26;2018;8;0;0;3
27;2018;8;0;4;3
28;2018;8;0;0;3
29;2018;8;0;2;3
30;2018;8;0;0;3
31;2018;8;0;0;3
32;2018;8;0;1;3
33;2018;8;0;1;3
34;2018;8;0;0;3
35;2018;8;0;2;3
36;2018;8;0;0;3
37;2018;8;0;0;3
38;2018;8;0;0;3
39;2018;8;0;0;3
40;2018;8;0;0;3
41;2018;8;0;0;3
42;2018;8;0;0;3
43;2018;8;0;0;3
44;2018;8;0;0;3
45;2018;8;1;0;3
48;2018;8;0;1;3
50;2018;8;0;0;3
51;2018;8;0;0;3
52;2018;8;0;0;3
53;2018;8;0;2;3
54;2018;8;0;3;3
55;2018;8;0;0;3
56;2018;8;0;0;3
57;2018;8;0;0;3
58;2018;8;1;0;3
59;2018;8;0;0;3
60;2018;8;0;0;3
61;2018;8;0;0;3
62;2018;8;1;0;3
63;2018;8;0;0;3
64;2018;8;0;1;3
65;2018;8;0;0;3
66;2018;8;0;1;3
67;2018;8;0;0;3
70;2018;8;0;0;3
71;2018;8;0;0;3
72;2018;8;0;0;3
73;2018;8;0;0;3
74;2018;8;0;1;3
75;2018;8;0;0;3
76;2018;8;0;0;3
77;2018;8;0;0;3
78;2018;8;0;0;3
79;2018;8;0;0;3
81;2018;8;0;0;3
82;2018;8;0;0;3
88;2018;8;0;0;3
89;2018;8;0;0;3
90;2018;8;0;0;3
91;2018;8;0;0;3
92;2018;8;0;0;3
93;2018;8;0;0;3
94;2018;8;0;0;3
95;2018;8;0;0;3
96;2018;8;0;0;3
97;2018;8;0;0;3
98;2018;8;0;0;3
99;2018;8;0;0;3
100;2018;8;0;0;3
101;2018;8;0;0;3
104;2018;8;0;0;3
105;2018;8;0;0;3
106;2018;8;0;0;3
107;2018;8;0;0;3
108;2018;8;0;0;3
109;2018;8;0;0;3
110;2018;8;0;0;3
111;2018;8;0;0;3
112;2018;8;0;0;3
118;2018;8;0;1;3
119;2018;8;0;0;3
120;2018;8;0;0;3
121;2018;8;0;0;3
122;2018;8;0;0;3
123;2018;8;0;1;3
124;2018;8;0;0;3
125;2018;8;0;0;3
126;2018;8;0;1;3
127;2018;8;0;0;3
128;2018;8;0;0;3
129;2018;8;0;0;3
130;2018;8;0;0;3
132;2018;8;0;0;3
134;2018;8;0;0;3
135;2018;8;0;0;3
136;2018;8;0;0;3
137;2018;8;1;0;3
138;2018;8;0;0;3
139;2018;8;0;0;3
140;2018;8;0;0;3
141;2018;8;0;0;3
142;2018;8;0;0;3
143;2018;8;0;0;3
144;2018;8;0;0;3
145;2018;8;0;0;3
146;2018;8;0;0;3
147;2018;8;0;0;3
148;2018;8;0;0;3
151;2018;8;0;0;3
152;2018;8;0;0;3
153;2018;8;0;0;3
154;2018;8;0;0;3
155;2018;8;1;0;3
156;2018;8;0;0;3
157;2018;8;0;0;3
158;2018;8;0;0;3
159;2018;8;0;0;3
165;2018;8;0;1;3
166;2018;8;0;0;3
167;2018;8;0;0;3
168;2018;8;0;0;3
1;2018;9;0;0;3
4;2018;9;0;0;3
5;2018;9;0;0;3
6;2018;9;0;0;3
7;2018;9;0;0;3
9;2018;9;0;0;3
10;2018;9;0;0;3
11;2018;9;0;0;3
12;2018;9;0;0;3
13;2018;9;0;0;3
14;2018;9;0;0;3
15;2018;9;0;0;3
16;2018;9;0;1;3
17;2018;9;0;0;3
18;2018;9;0;0;3
19;2018;9;0;0;3
20;2018;9;0;0;3
21;2018;9;0;0;3
22;2018;9;0;0;3
23;2018;9;0;0;3
24;2018;9;0;0;3
25;2018;9;0;0;3
26;2018;9;0;0;3
27;2018;9;0;0;3
28;2018;9;0;0;3
29;2018;9;0;0;3
30;2018;9;0;0;3
31;2018;9;0;0;3
32;2018;9;0;0;3
33;2018;9;0;1;3
34;2018;9;0;0;3
35;2018;9;0;1;3
36;2018;9;0;0;3
37;2018;9;1;0;3
38;2018;9;0;2;3
39;2018;9;0;1;3
40;2018;9;0;0;3
41;2018;9;0;0;3
42;2018;9;0;1;3
43;2018;9;0;0;3
44;2018;9;0;0;3
45;2018;9;0;0;3
48;2018;9;0;0;3
50;2018;9;0;0;3
51;2018;9;0;0;3
52;2018;9;0;0;3
53;2018;9;0;0;3
54;2018;9;0;0;3
55;2018;9;0;0;3
56;2018;9;0;0;3
57;2018;9;0;0;3
58;2018;9;0;3;3
59;2018;9;0;1;3
60;2018;9;0;0;3
61;2018;9;0;0;3
62;2018;9;0;1;3
63;2018;9;0;0;3
64;2018;9;0;0;3
65;2018;9;0;0;3
66;2018;9;0;1;3
67;2018;9;0;1;3
70;2018;9;0;0;3
71;2018;9;0;0;3
72;2018;9;0;1;3
73;2018;9;0;0;3
74;2018;9;0;0;3
75;2018;9;0;0;3
76;2018;9;0;0;3
77;2018;9;0;0;3
78;2018;9;0;0;3
79;2018;9;0;0;3
81;2018;9;0;0;3
82;2018;9;0;0;3
88;2018;9;0;0;3
89;2018;9;0;0;3
90;2018;9;0;0;3
91;2018;9;0;0;3
92;2018;9;0;0;3
93;2018;9;0;0;3
94;2018;9;0;0;3
95;2018;9;0;0;3
96;2018;9;0;0;3
97;2018;9;0;0;3
98;2018;9;0;0;3
99;2018;9;0;0;3
100;2018;9;0;0;3
101;2018;9;0;0;3
104;2018;9;0;0;3
105;2018;9;0;1;3
106;2018;9;0;0;3
107;2018;9;0;0;3
108;2018;9;0;1;3
109;2018;9;0;0;3
110;2018;9;0;0;3
111;2018;9;0;0;3
112;2018;9;0;0;3
118;2018;9;0;0;3
119;2018;9;0;2;3
120;2018;9;0;0;3
121;2018;9;0;0;3
122;2018;9;0;1;3
123;2018;9;0;1;3
124;2018;9;0;0;3
125;2018;9;0;1;3
126;2018;9;0;0;3
127;2018;9;0;0;3
128;2018;9;0;0;3
129;2018;9;0;0;3
130;2018;9;0;0;3
132;2018;9;0;0;3
134;2018;9;0;0;3
135;2018;9;0;0;3
136;2018;9;0;0;3
137;2018;9;0;0;3
138;2018;9;0;0;3
139;2018;9;0;0;3
140;2018;9;0;0;3
141;2018;9;0;0;3
142;2018;9;0;0;3
143;2018;9;0;0;3
144;2018;9;0;0;3
145;2018;9;0;0;3
146;2018;9;0;0;3
147;2018;9;0;0;3
148;2018;9;0;0;3
151;2018;9;0;0;3
152;2018;9;0;0;3
153;2018;9;0;0;3
154;2018;9;0;0;3
155;2018;9;0;1;3
156;2018;9;0;0;3
157;2018;9;0;0;3
158;2018;9;0;0;3
159;2018;9;0;0;3
165;2018;9;0;0;3
166;2018;9;0;0;3
167;2018;9;0;0;3
168;2018;9;0;0;3
1;2018;10;0;0;3
4;2018;10;0;0;3
5;2018;10;0;0;3
6;2018;10;0;0;3
7;2018;10;0;6;3
9;2018;10;0;1;3
10;2018;10;0;0;3
11;2018;10;0;1;3
12;2018;10;0;0;3
13;2018;10;1;0;3
14;2018;10;0;0;3
15;2018;10;0;0;3
16;2018;10;0;0;3
17;2018;10;0;0;3
18;2018;10;0;0;3
19;2018;10;0;0;3
20;2018;10;0;0;3
21;2018;10;0;1;3
22;2018;10;0;1;3
23;2018;10;0;0;3
24;2018;10;0;0;3
25;2018;10;0;0;3
26;2018;10;1;0;3
27;2018;10;0;0;3
28;2018;10;1;0;3
29;2018;10;0;0;3
30;2018;10;0;0;3
31;2018;10;0;0;3
32;2018;10;0;0;3
33;2018;10;0;0;3
34;2018;10;0;0;3
35;2018;10;0;1;3
36;2018;10;0;1;3
37;2018;10;0;0;3
38;2018;10;0;0;3
39;2018;10;0;0;3
40;2018;10;0;0;3
41;2018;10;0;2;3
42;2018;10;0;0;3
43;2018;10;0;2;3
44;2018;10;0;0;3
45;2018;10;0;0;3
48;2018;10;0;0;3
50;2018;10;0;0;3
51;2018;10;0;0;3
52;2018;10;0;1;3
53;2018;10;0;0;3
54;2018;10;0;1;3
55;2018;10;0;1;3
56;2018;10;0;0;3
57;2018;10;0;0;3
58;2018;10;0;0;3
59;2018;10;0;2;3
60;2018;10;0;0;3
61;2018;10;0;0;3
62;2018;10;0;0;3
63;2018;10;0;1;3
64;2018;10;0;0;3
65;2018;10;0;0;3
66;2018;10;1;1;3
67;2018;10;0;0;3
70;2018;10;0;0;3
71;2018;10;0;2;3
72;2018;10;1;0;3
73;2018;10;0;0;3
74;2018;10;0;0;3
75;2018;10;0;0;3
76;2018;10;0;0;3
77;2018;10;0;0;3
78;2018;10;0;1;3
79;2018;10;0;0;3
81;2018;10;0;0;3
82;2018;10;0;0;3
88;2018;10;0;2;3
89;2018;10;0;0;3
90;2018;10;0;0;3
91;2018;10;0;0;3
92;2018;10;0;0;3
93;2018;10;0;0;3
94;2018;10;0;0;3
95;2018;10;0;0;3
96;2018;10;0;0;3
97;2018;10;0;0;3
98;2018;10;0;0;3
99;2018;10;0;0;3
100;2018;10;0;0;3
101;2018;10;0;0;3
104;2018;10;0;0;3
105;2018;10;0;0;3
106;2018;10;0;0;3
107;2018;10;0;0;3
108;2018;10;0;0;3
109;2018;10;0;0;3
110;2018;10;0;0;3
111;2018;10;0;0;3
112;2018;10;0;0;3
118;2018;10;0;0;3
119;2018;10;0;0;3
120;2018;10;0;0;3
121;2018;10;0;0;3
122;2018;10;0;0;3
123;2018;10;0;0;3
124;2018;10;0;0;3
125;2018;10;0;0;3
126;2018;10;0;0;3
127;2018;10;0;0;3
128;2018;10;0;0;3
129;2018;10;0;0;3
130;2018;10;0;0;3
132;2018;10;0;0;3
134;2018;10;0;0;3
135;2018;10;0;0;3
136;2018;10;0;0;3
137;2018;10;0;1;3
138;2018;10;0;0;3
139;2018;10;0;0;3
140;2018;10;0;0;3
141;2018;10;0;1;3
142;2018;10;0;0;3
143;2018;10;0;0;3
144;2018;10;0;1;3
145;2018;10;0;0;3
146;2018;10;0;1;3
147;2018;10;0;0;3
148;2018;10;0;0;3
151;2018;10;0;3;3
152;2018;10;0;0;3
153;2018;10;0;0;3
154;2018;10;0;0;3
155;2018;10;0;0;3
156;2018;10;0;0;3
157;2018;10;0;0;3
158;2018;10;0;0;3
159;2018;10;0;0;3
165;2018;10;0;0;3
166;2018;10;0;0;3
167;2018;10;0;0;3
168;2018;10;0;0;3
1;2018;11;0;0;3
4;2018;11;0;1;3
5;2018;11;0;0;3
6;2018;11;0;0;3
7;2018;11;0;0;3
9;2018;11;0;0;3
10;2018;11;0;0;3
11;2018;11;0;0;3
12;2018;11;0;0;3
13;2018;11;0;0;3
14;2018;11;0;0;3
15;2018;11;0;0;3
16;2018;11;0;1;3
17;2018;11;0;0;3
18;2018;11;0;0;3
19;2018;11;0;0;3
20;2018;11;0;0;3
21;2018;11;0;2;3
22;2018;11;0;0;3
23;2018;11;0;0;3
24;2018;11;0;0;3
25;2018;11;1;0;3
26;2018;11;0;1;3
27;2018;11;1;0;3
28;2018;11;0;0;3
29;2018;11;0;0;3
30;2018;11;0;0;3
31;2018;11;1;1;3
32;2018;11;1;1;3
33;2018;11;0;0;3
34;2018;11;0;0;3
35;2018;11;0;0;3
36;2018;11;0;0;3
37;2018;11;0;0;3
38;2018;11;0;0;3
39;2018;11;0;1;3
40;2018;11;0;1;3
41;2018;11;0;0;3
42;2018;11;0;0;3
43;2018;11;0;0;3
44;2018;11;0;0;3
45;2018;11;0;0;3
48;2018;11;0;0;3
50;2018;11;0;0;3
51;2018;11;0;0;3
52;2018;11;0;0;3
53;2018;11;0;0;3
54;2018;11;0;0;3
55;2018;11;0;0;3
56;2018;11;0;0;3
57;2018;11;0;0;3
58;2018;11;0;1;3
59;2018;11;0;1;3
60;2018;11;0;0;3
61;2018;11;0;0;3
62;2018;11;0;0;3
63;2018;11;0;0;3
64;2018;11;0;0;3
65;2018;11;0;1;3
66;2018;11;1;0;3
67;2018;11;0;0;3
70;2018;11;0;0;3
71;2018;11;0;1;3
72;2018;11;0;0;3
73;2018;11;0;0;3
74;2018;11;0;0;3
75;2018;11;0;1;3
76;2018;11;0;0;3
77;2018;11;0;0;3
78;2018;11;0;0;3
79;2018;11;0;0;3
81;2018;11;0;0;3
82;2018;11;0;0;3
88;2018;11;0;0;3
89;2018;11;0;0;3
90;2018;11;0;3;3
91;2018;11;0;0;3
92;2018;11;0;0;3
93;2018;11;0;1;3
94;2018;11;0;0;3
95;2018;11;0;0;3
96;2018;11;0;0;3
97;2018;11;0;0;3
98;2018;11;0;0;3
99;2018;11;0;0;3
100;2018;11;0;0;3
101;2018;11;0;0;3
104;2018;11;0;0;3
105;2018;11;0;1;3
106;2018;11;0;0;3
107;2018;11;0;1;3
108;2018;11;0;0;3
109;2018;11;0;0;3
110;2018;11;1;0;3
111;2018;11;0;0;3
112;2018;11;0;0;3
118;2018;11;0;0;3
119;2018;11;0;0;3
120;2018;11;0;0;3
121;2018;11;0;0;3
122;2018;11;0;0;3
123;2018;11;0;0;3
124;2018;11;0;0;3
125;2018;11;0;0;3
126;2018;11;0;0;3
127;2018;11;0;0;3
128;2018;11;0;1;3
129;2018;11;0;0;3
130;2018;11;0;0;3
132;2018;11;0;0;3
134;2018;11;0;0;3
135;2018;11;0;0;3
136;2018;11;0;0;3
137;2018;11;0;0;3
138;2018;11;0;0;3
139;2018;11;0;0;3
140;2018;11;0;0;3
141;2018;11;0;0;3
142;2018;11;0;0;3
143;2018;11;0;0;3
144;2018;11;0;0;3
145;2018;11;0;0;3
146;2018;11;1;1;3
147;2018;11;0;0;3
148;2018;11;0;0;3
151;2018;11;0;1;3
152;2018;11;0;0;3
153;2018;11;0;0;3
154;2018;11;0;0;3
155;2018;11;0;0;3
156;2018;11;0;0;3
157;2018;11;0;0;3
158;2018;11;0;0;3
159;2018;11;0;0;3
165;2018;11;0;0;3
166;2018;11;0;1;3
167;2018;11;0;0;3
168;2018;11;0;0;3
1;2018;12;0;0;3
4;2018;12;0;0;3
5;2018;12;0;0;3
6;2018;12;0;0;3
7;2018;12;0;0;3
9;2018;12;0;0;3
10;2018;12;0;0;3
11;2018;12;0;0;3
12;2018;12;0;0;3
13;2018;12;0;0;3
14;2018;12;0;0;3
15;2018;12;0;0;3
16;2018;12;0;0;3
17;2018;12;0;0;3
18;2018;12;0;0;3
19;2018;12;0;0;3
20;2018;12;0;0;3
21;2018;12;0;0;3
22;2018;12;0;1;3
23;2018;12;0;0;3
24;2018;12;0;0;3
25;2018;12;0;0;3
26;2018;12;0;0;3
27;2018;12;0;1;3
28;2018;12;0;0;3
29;2018;12;1;0;3
30;2018;12;0;0;3
31;2018;12;0;0;3
32;2018;12;0;1;3
33;2018;12;0;0;3
34;2018;12;0;0;3
35;2018;12;1;0;3
36;2018;12;1;1;3
37;2018;12;0;0;3
38;2018;12;0;0;3
39;2018;12;1;1;3
40;2018;12;0;0;3
41;2018;12;0;0;3
42;2018;12;1;0;3
43;2018;12;0;0;3
44;2018;12;0;0;3
45;2018;12;0;0;3
48;2018;12;0;0;3
50;2018;12;0;0;3
51;2018;12;0;0;3
52;2018;12;0;0;3
53;2018;12;0;0;3
54;2018;12;0;0;3
55;2018;12;0;0;3
56;2018;12;0;1;3
57;2018;12;0;0;3
58;2018;12;0;1;3
59;2018;12;0;1;3
60;2018;12;0;0;3
61;2018;12;0;0;3
62;2018;12;0;0;3
63;2018;12;0;0;3
64;2018;12;1;0;3
65;2018;12;0;0;3
66;2018;12;0;0;3
67;2018;12;0;0;3
70;2018;12;0;0;3
71;2018;12;0;0;3
72;2018;12;0;0;3
73;2018;12;0;1;3
74;2018;12;0;0;3
75;2018;12;0;0;3
76;2018;12;0;1;3
77;2018;12;0;1;3
78;2018;12;1;0;3
79;2018;12;0;0;3
81;2018;12;0;0;3
82;2018;12;0;0;3
88;2018;12;0;0;3
89;2018;12;0;0;3
90;2018;12;0;0;3
91;2018;12;0;0;3
92;2018;12;0;0;3
93;2018;12;0;1;3
94;2018;12;0;0;3
95;2018;12;0;0;3
96;2018;12;0;0;3
97;2018;12;0;0;3
98;2018;12;0;0;3
99;2018;12;0;0;3
100;2018;12;0;0;3
101;2018;12;0;0;3
104;2018;12;0;0;3
105;2018;12;0;0;3
106;2018;12;1;0;3
107;2018;12;0;0;3
108;2018;12;0;1;3
109;2018;12;0;0;3
110;2018;12;0;0;3
111;2018;12;0;0;3
112;2018;12;0;0;3
118;2018;12;0;0;3
119;2018;12;0;0;3
120;2018;12;0;0;3
121;2018;12;0;0;3
122;2018;12;0;0;3
123;2018;12;0;1;3
124;2018;12;0;0;3
125;2018;12;0;0;3
126;2018;12;0;1;3
127;2018;12;0;0;3
128;2018;12;0;1;3
129;2018;12;0;0;3
130;2018;12;0;0;3
132;2018;12;0;0;3
134;2018;12;0;1;3
135;2018;12;0;0;3
136;2018;12;1;0;3
137;2018;12;0;0;3
138;2018;12;0;0;3
139;2018;12;0;0;3
140;2018;12;0;0;3
141;2018;12;0;1;3
142;2018;12;0;0;3
143;2018;12;0;0;3
144;2018;12;0;0;3
145;2018;12;0;0;3
146;2018;12;0;0;3
147;2018;12;0;0;3
148;2018;12;0;0;3
151;2018;12;0;0;3
152;2018;12;0;0;3
153;2018;12;0;0;3
154;2018;12;0;0;3
155;2018;12;0;0;3
156;2018;12;0;0;3
157;2018;12;0;0;3
158;2018;12;0;0;3
159;2018;12;0;0;3
165;2018;12;0;0;3
166;2018;12;0;1;3
167;2018;12;0;0;3
168;2018;12;0;0;3
1;2019;1;0;0;3
4;2019;1;0;0;3
5;2019;1;0;0;3
6;2019;1;0;0;3
7;2019;1;0;0;3
9;2019;1;0;0;3
10;2019;1;0;8;3
11;2019;1;0;0;3
12;2019;1;0;0;3
13;2019;1;0;1;3
14;2019;1;0;0;3
15;2019;1;0;0;3
16;2019;1;0;0;3
17;2019;1;0;0;3
18;2019;1;0;0;3
19;2019;1;0;0;3
20;2019;1;0;0;3
21;2019;1;0;0;3
22;2019;1;0;0;3
23;2019;1;0;0;3
24;2019;1;1;0;3
25;2019;1;0;1;3
26;2019;1;0;0;3
27;2019;1;0;0;3
28;2019;1;0;3;3
29;2019;1;0;0;3
30;2019;1;0;0;3
31;2019;1;0;0;3
32;2019;1;0;0;3
33;2019;1;0;1;3
34;2019;1;0;1;3
35;2019;1;0;2;3
36;2019;1;0;0;3
37;2019;1;0;1;3
38;2019;1;1;0;3
39;2019;1;0;0;3
40;2019;1;0;0;3
41;2019;1;0;0;3
42;2019;1;0;0;3
43;2019;1;0;0;3
44;2019;1;0;1;3
48;2019;1;0;0;3
50;2019;1;2;0;3
51;2019;1;0;0;3
52;2019;1;0;0;3
53;2019;1;0;0;3
54;2019;1;0;0;3
55;2019;1;0;0;3
56;2019;1;0;0;3
57;2019;1;0;0;3
58;2019;1;0;0;3
59;2019;1;0;2;3
60;2019;1;0;0;3
61;2019;1;0;0;3
62;2019;1;0;0;3
63;2019;1;0;0;3
64;2019;1;0;0;3
65;2019;1;0;1;3
66;2019;1;0;0;3
67;2019;1;0;0;3
70;2019;1;0;0;3
71;2019;1;0;0;3
72;2019;1;0;0;3
73;2019;1;0;0;3
74;2019;1;0;0;3
75;2019;1;0;0;3
76;2019;1;0;0;3
77;2019;1;0;0;3
78;2019;1;0;0;3
79;2019;1;0;0;3
81;2019;1;0;0;3
82;2019;1;0;1;3
88;2019;1;0;3;3
89;2019;1;0;0;3
90;2019;1;0;0;3
91;2019;1;0;0;3
92;2019;1;0;1;3
93;2019;1;0;0;3
94;2019;1;0;0;3
95;2019;1;0;0;3
96;2019;1;0;1;3
97;2019;1;0;0;3
98;2019;1;0;0;3
99;2019;1;0;1;3
100;2019;1;0;0;3
101;2019;1;0;0;3
104;2019;1;0;0;3
105;2019;1;0;0;3
106;2019;1;0;0;3
107;2019;1;0;0;3
108;2019;1;0;0;3
109;2019;1;0;0;3
110;2019;1;0;0;3
111;2019;1;0;0;3
112;2019;1;0;0;3
118;2019;1;0;0;3
119;2019;1;0;0;3
120;2019;1;0;0;3
121;2019;1;0;0;3
122;2019;1;0;0;3
123;2019;1;0;0;3
124;2019;1;0;2;3
125;2019;1;0;0;3
126;2019;1;0;2;3
127;2019;1;0;0;3
128;2019;1;0;0;3
129;2019;1;0;0;3
130;2019;1;0;0;3
132;2019;1;0;0;3
134;2019;1;1;0;3
135;2019;1;0;0;3
136;2019;1;0;0;3
137;2019;1;0;0;3
138;2019;1;0;0;3
139;2019;1;0;0;3
140;2019;1;0;0;3
141;2019;1;0;0;3
142;2019;1;0;0;3
143;2019;1;0;2;3
144;2019;1;0;0;3
145;2019;1;0;0;3
146;2019;1;0;0;3
147;2019;1;0;0;3
148;2019;1;0;0;3
151;2019;1;0;1;3
152;2019;1;0;0;3
153;2019;1;0;0;3
154;2019;1;0;0;3
155;2019;1;0;0;3
156;2019;1;0;0;3
157;2019;1;0;0;3
158;2019;1;0;0;3
159;2019;1;0;0;3
165;2019;1;0;0;3
166;2019;1;0;2;3
167;2019;1;0;0;3
168;2019;1;0;0;3
1;2019;2;0;0;3
4;2019;2;0;0;3
5;2019;2;0;0;3
6;2019;2;0;0;3
7;2019;2;0;0;3
9;2019;2;0;0;3
10;2019;2;0;0;3
11;2019;2;0;0;3
12;2019;2;0;0;3
13;2019;2;0;0;3
14;2019;2;0;0;3
15;2019;2;0;0;3
16;2019;2;0;1;3
17;2019;2;0;0;3
18;2019;2;0;0;3
19;2019;2;0;0;3
20;2019;2;0;0;3
21;2019;2;0;2;3
22;2019;2;0;3;3
23;2019;2;0;0;3
24;2019;2;0;0;3
25;2019;2;1;0;3
26;2019;2;0;0;3
27;2019;2;0;0;3
28;2019;2;0;0;3
29;2019;2;0;0;3
30;2019;2;0;0;3
31;2019;2;0;0;3
32;2019;2;0;0;3
33;2019;2;0;0;3
34;2019;2;0;0;3
35;2019;2;0;0;3
36;2019;2;0;0;3
37;2019;2;0;1;3
38;2019;2;0;0;3
39;2019;2;0;0;3
40;2019;2;0;0;3
41;2019;2;0;0;3
42;2019;2;0;0;3
43;2019;2;0;1;3
44;2019;2;0;0;3
48;2019;2;0;0;3
50;2019;2;0;0;3
51;2019;2;0;0;3
52;2019;2;0;0;3
53;2019;2;0;0;3
54;2019;2;0;0;3
55;2019;2;0;0;3
56;2019;2;0;1;3
57;2019;2;0;0;3
58;2019;2;0;2;3
59;2019;2;0;0;3
60;2019;2;0;1;3
61;2019;2;0;0;3
62;2019;2;0;1;3
63;2019;2;0;0;3
64;2019;2;1;0;3
65;2019;2;0;0;3
66;2019;2;0;1;3
67;2019;2;0;0;3
70;2019;2;0;0;3
71;2019;2;0;2;3
72;2019;2;0;0;3
73;2019;2;0;0;3
74;2019;2;0;0;3
75;2019;2;0;0;3
76;2019;2;0;0;3
77;2019;2;0;0;3
78;2019;2;0;0;3
79;2019;2;0;0;3
81;2019;2;0;1;3
82;2019;2;0;0;3
88;2019;2;0;0;3
89;2019;2;0;1;3
90;2019;2;0;2;3
91;2019;2;0;0;3
92;2019;2;0;0;3
93;2019;2;0;0;3
94;2019;2;0;0;3
95;2019;2;0;0;3
96;2019;2;0;0;3
97;2019;2;0;0;3
98;2019;2;0;0;3
99;2019;2;0;0;3
100;2019;2;0;0;3
101;2019;2;0;0;3
104;2019;2;0;0;3
105;2019;2;0;0;3
106;2019;2;0;0;3
107;2019;2;0;1;3
108;2019;2;0;0;3
109;2019;2;0;0;3
110;2019;2;0;1;3
111;2019;2;0;0;3
112;2019;2;0;0;3
118;2019;2;0;0;3
119;2019;2;0;0;3
120;2019;2;0;1;3
121;2019;2;0;0;3
122;2019;2;0;0;3
123;2019;2;0;0;3
124;2019;2;0;0;3
125;2019;2;0;0;3
126;2019;2;0;1;3
127;2019;2;0;0;3
128;2019;2;0;0;3
129;2019;2;0;0;3
130;2019;2;0;0;3
132;2019;2;0;0;3
134;2019;2;0;0;3
135;2019;2;0;0;3
136;2019;2;0;0;3
137;2019;2;0;0;3
138;2019;2;0;0;3
139;2019;2;0;0;3
140;2019;2;0;0;3
141;2019;2;0;0;3
142;2019;2;0;0;3
143;2019;2;0;0;3
144;2019;2;0;0;3
145;2019;2;0;0;3
146;2019;2;0;1;3
147;2019;2;0;0;3
148;2019;2;0;0;3
151;2019;2;0;0;3
152;2019;2;0;0;3
153;2019;2;0;0;3
154;2019;2;0;0;3
155;2019;2;0;0;3
156;2019;2;0;0;3
157;2019;2;0;0;3
158;2019;2;0;0;3
159;2019;2;0;0;3
165;2019;2;1;0;3
166;2019;2;0;0;3
167;2019;2;0;0;3
168;2019;2;0;0;3
1;2019;3;0;0;3
4;2019;3;0;0;3
5;2019;3;0;1;3
6;2019;3;0;2;3
7;2019;3;0;0;3
9;2019;3;0;0;3
10;2019;3;0;0;3
11;2019;3;0;0;3
12;2019;3;0;0;3
13;2019;3;0;0;3
14;2019;3;0;0;3
15;2019;3;0;0;3
16;2019;3;0;0;3
17;2019;3;0;0;3
18;2019;3;0;0;3
19;2019;3;0;0;3
20;2019;3;0;0;3
21;2019;3;0;1;3
22;2019;3;0;0;3
23;2019;3;0;0;3
24;2019;3;0;0;3
25;2019;3;0;0;3
26;2019;3;0;0;3
27;2019;3;0;0;3
28;2019;3;0;0;3
29;2019;3;0;0;3
30;2019;3;0;1;3
31;2019;3;0;0;3
32;2019;3;1;0;3
33;2019;3;1;0;3
34;2019;3;1;4;3
35;2019;3;0;2;3
36;2019;3;0;0;3
37;2019;3;0;0;3
38;2019;3;0;1;3
39;2019;3;0;1;3
40;2019;3;0;0;3
41;2019;3;0;1;3
42;2019;3;0;0;3
43;2019;3;0;1;3
44;2019;3;0;0;3
48;2019;3;0;0;3
50;2019;3;0;0;3
51;2019;3;0;1;3
52;2019;3;0;1;3
53;2019;3;0;0;3
54;2019;3;0;1;3
55;2019;3;0;0;3
56;2019;3;0;0;3
57;2019;3;0;0;3
58;2019;3;0;2;3
59;2019;3;0;0;3
60;2019;3;0;1;3
61;2019;3;0;0;3
62;2019;3;0;1;3
63;2019;3;0;0;3
64;2019;3;0;0;3
65;2019;3;0;0;3
66;2019;3;0;0;3
67;2019;3;0;2;3
70;2019;3;0;0;3
71;2019;3;1;1;3
72;2019;3;0;2;3
73;2019;3;0;0;3
74;2019;3;1;0;3
75;2019;3;1;0;3
76;2019;3;0;0;3
77;2019;3;0;0;3
78;2019;3;0;0;3
79;2019;3;0;0;3
81;2019;3;0;0;3
82;2019;3;2;1;3
88;2019;3;0;1;3
89;2019;3;0;1;3
90;2019;3;0;1;3
91;2019;3;0;0;3
92;2019;3;0;0;3
93;2019;3;0;0;3
94;2019;3;0;1;3
95;2019;3;0;0;3
96;2019;3;0;0;3
97;2019;3;0;0;3
98;2019;3;0;0;3
99;2019;3;0;0;3
100;2019;3;0;0;3
101;2019;3;0;0;3
104;2019;3;0;0;3
105;2019;3;0;0;3
106;2019;3;0;0;3
107;2019;3;0;0;3
108;2019;3;0;1;3
109;2019;3;0;0;3
110;2019;3;0;0;3
111;2019;3;0;0;3
112;2019;3;0;0;3
118;2019;3;0;1;3
119;2019;3;0;0;3
120;2019;3;0;0;3
121;2019;3;0;0;3
122;2019;3;0;0;3
123;2019;3;0;1;3
124;2019;3;0;0;3
125;2019;3;0;1;3
126;2019;3;0;1;3
127;2019;3;0;0;3
128;2019;3;0;0;3
129;2019;3;0;1;3
130;2019;3;0;0;3
132;2019;3;0;0;3
134;2019;3;0;0;3
135;2019;3;0;0;3
136;2019;3;0;0;3
137;2019;3;0;0;3
138;2019;3;0;0;3
139;2019;3;0;0;3
140;2019;3;0;0;3
141;2019;3;0;0;3
142;2019;3;0;0;3
143;2019;3;0;0;3
144;2019;3;0;0;3
145;2019;3;0;0;3
146;2019;3;0;1;3
147;2019;3;0;0;3
148;2019;3;0;0;3
151;2019;3;0;1;3
152;2019;3;0;0;3
153;2019;3;0;0;3
154;2019;3;0;0;3
155;2019;3;0;0;3
156;2019;3;0;0;3
157;2019;3;0;0;3
158;2019;3;0;0;3
159;2019;3;1;0;3
165;2019;3;0;0;3
166;2019;3;0;2;3
167;2019;3;0;0;3
168;2019;3;0;0;3
1;2019;4;0;0;3
4;2019;4;0;0;3
5;2019;4;0;0;3
6;2019;4;0;0;3
7;2019;4;0;0;3
9;2019;4;0;0;3
10;2019;4;0;0;3
11;2019;4;0;0;3
12;2019;4;0;0;3
13;2019;4;0;0;3
14;2019;4;0;0;3
15;2019;4;0;0;3
16;2019;4;0;1;3
17;2019;4;0;0;3
18;2019;4;0;0;3
19;2019;4;0;0;3
20;2019;4;0;0;3
21;2019;4;0;0;3
22;2019;4;0;0;3
23;2019;4;0;0;3
24;2019;4;0;0;3
25;2019;4;0;0;3
26;2019;4;0;0;3
27;2019;4;0;0;3
28;2019;4;0;0;3
29;2019;4;0;0;3
30;2019;4;0;0;3
31;2019;4;0;0;3
32;2019;4;0;0;3
33;2019;4;0;0;3
34;2019;4;1;0;3
35;2019;4;0;1;3
36;2019;4;0;0;3
37;2019;4;0;0;3
38;2019;4;0;0;3
39;2019;4;0;0;3
40;2019;4;0;0;3
41;2019;4;0;0;3
42;2019;4;0;1;3
43;2019;4;0;0;3
44;2019;4;0;1;3
48;2019;4;0;0;3
50;2019;4;0;0;3
51;2019;4;0;0;3
52;2019;4;0;0;3
53;2019;4;0;0;3
54;2019;4;1;2;3
55;2019;4;1;0;3
56;2019;4;0;1;3
57;2019;4;0;0;3
58;2019;4;0;0;3
59;2019;4;1;0;3
60;2019;4;0;1;3
61;2019;4;0;0;3
62;2019;4;0;0;3
63;2019;4;0;0;3
64;2019;4;0;1;3
65;2019;4;0;0;3
66;2019;4;0;0;3
67;2019;4;0;0;3
70;2019;4;0;0;3
71;2019;4;0;0;3
72;2019;4;0;0;3
73;2019;4;0;0;3
74;2019;4;0;0;3
75;2019;4;0;0;3
76;2019;4;0;0;3
77;2019;4;0;0;3
78;2019;4;0;0;3
79;2019;4;0;0;3
81;2019;4;0;0;3
82;2019;4;0;0;3
88;2019;4;0;1;3
89;2019;4;0;0;3
90;2019;4;0;0;3
91;2019;4;0;0;3
92;2019;4;0;0;3
93;2019;4;0;0;3
94;2019;4;0;0;3
95;2019;4;0;0;3
96;2019;4;0;0;3
97;2019;4;0;0;3
98;2019;4;0;0;3
99;2019;4;0;0;3
100;2019;4;0;0;3
101;2019;4;0;0;3
104;2019;4;0;0;3
105;2019;4;1;0;3
106;2019;4;0;0;3
107;2019;4;0;0;3
108;2019;4;0;1;3
109;2019;4;0;0;3
110;2019;4;0;1;3
111;2019;4;1;0;3
112;2019;4;0;0;3
118;2019;4;0;1;3
119;2019;4;1;0;3
120;2019;4;0;0;3
121;2019;4;0;0;3
122;2019;4;0;0;3
123;2019;4;0;0;3
124;2019;4;0;0;3
125;2019;4;0;0;3
126;2019;4;0;0;3
127;2019;4;0;0;3
128;2019;4;0;0;3
129;2019;4;0;0;3
130;2019;4;0;0;3
132;2019;4;0;0;3
134;2019;4;1;0;3
135;2019;4;0;0;3
136;2019;4;0;0;3
137;2019;4;0;0;3
138;2019;4;0;1;3
139;2019;4;0;0;3
140;2019;4;0;0;3
141;2019;4;0;0;3
142;2019;4;0;0;3
143;2019;4;0;0;3
144;2019;4;0;0;3
145;2019;4;0;0;3
146;2019;4;0;0;3
147;2019;4;0;0;3
148;2019;4;0;0;3
151;2019;4;0;0;3
152;2019;4;0;0;3
153;2019;4;0;0;3
154;2019;4;0;0;3
155;2019;4;0;0;3
156;2019;4;0;0;3
157;2019;4;0;0;3
158;2019;4;0;0;3
159;2019;4;0;0;3
165;2019;4;0;0;3
166;2019;4;0;0;3
167;2019;4;0;0;3
168;2019;4;1;0;3
1;2019;5;0;0;3
4;2019;5;0;0;3
5;2019;5;0;0;3
6;2019;5;0;0;3
7;2019;5;0;0;3
9;2019;5;0;0;3
10;2019;5;0;0;3
11;2019;5;0;0;3
12;2019;5;0;0;3
13;2019;5;0;0;3
14;2019;5;0;0;3
15;2019;5;0;0;3
16;2019;5;0;1;3
17;2019;5;0;0;3
18;2019;5;0;0;3
19;2019;5;0;0;3
20;2019;5;0;0;3
21;2019;5;0;0;3
22;2019;5;0;0;3
23;2019;5;0;0;3
24;2019;5;1;0;3
25;2019;5;0;0;3
26;2019;5;0;0;3
27;2019;5;0;0;3
28;2019;5;0;0;3
29;2019;5;0;0;3
30;2019;5;0;0;3
31;2019;5;0;0;3
32;2019;5;0;0;3
33;2019;5;0;0;3
34;2019;5;1;1;3
35;2019;5;0;0;3
36;2019;5;0;0;3
37;2019;5;0;1;3
38;2019;5;0;0;3
39;2019;5;0;0;3
40;2019;5;0;0;3
41;2019;5;0;0;3
42;2019;5;0;0;3
43;2019;5;0;1;3
44;2019;5;0;0;3
48;2019;5;0;0;3
50;2019;5;0;0;3
51;2019;5;0;0;3
52;2019;5;0;1;3
53;2019;5;0;0;3
54;2019;5;0;0;3
55;2019;5;1;2;3
56;2019;5;0;0;3
57;2019;5;0;0;3
58;2019;5;0;0;3
59;2019;5;1;0;3
60;2019;5;1;0;3
61;2019;5;0;0;3
62;2019;5;0;0;3
63;2019;5;0;0;3
64;2019;5;1;0;3
65;2019;5;0;0;3
66;2019;5;0;0;3
67;2019;5;0;0;3
70;2019;5;0;1;3
71;2019;5;0;0;3
72;2019;5;0;0;3
73;2019;5;0;0;3
74;2019;5;0;0;3
75;2019;5;0;0;3
76;2019;5;0;0;3
77;2019;5;0;0;3
78;2019;5;0;1;3
79;2019;5;0;0;3
81;2019;5;0;0;3
82;2019;5;0;0;3
88;2019;5;0;1;3
89;2019;5;0;1;3
90;2019;5;0;0;3
91;2019;5;0;0;3
92;2019;5;0;0;3
93;2019;5;0;0;3
94;2019;5;0;0;3
95;2019;5;0;0;3
96;2019;5;0;0;3
97;2019;5;0;0;3
98;2019;5;0;0;3
99;2019;5;0;0;3
100;2019;5;0;0;3
101;2019;5;0;0;3
104;2019;5;0;0;3
105;2019;5;0;2;3
106;2019;5;0;0;3
107;2019;5;0;0;3
108;2019;5;0;0;3
109;2019;5;0;0;3
110;2019;5;0;0;3
111;2019;5;0;0;3
112;2019;5;0;0;3
118;2019;5;0;0;3
119;2019;5;0;0;3
120;2019;5;0;0;3
121;2019;5;0;0;3
122;2019;5;0;0;3
123;2019;5;0;0;3
124;2019;5;0;0;3
125;2019;5;0;1;3
126;2019;5;0;0;3
127;2019;5;0;0;3
128;2019;5;0;0;3
129;2019;5;0;0;3
130;2019;5;0;0;3
132;2019;5;0;0;3
134;2019;5;0;0;3
135;2019;5;0;0;3
136;2019;5;0;0;3
137;2019;5;0;0;3
138;2019;5;0;0;3
139;2019;5;0;0;3
140;2019;5;0;0;3
141;2019;5;0;0;3
142;2019;5;0;0;3
143;2019;5;0;1;3
144;2019;5;0;0;3
145;2019;5;0;0;3
146;2019;5;1;3;3
147;2019;5;0;0;3
148;2019;5;0;0;3
151;2019;5;0;2;3
152;2019;5;0;0;3
153;2019;5;0;0;3
154;2019;5;0;0;3
155;2019;5;0;0;3
156;2019;5;0;0;3
157;2019;5;0;0;3
158;2019;5;0;0;3
159;2019;5;0;0;3
165;2019;5;0;0;3
166;2019;5;0;0;3
167;2019;5;0;0;3
168;2019;5;0;0;3
1;2019;6;0;0;3
4;2019;6;0;0;3
5;2019;6;0;0;3
6;2019;6;0;0;3
7;2019;6;0;1;3
9;2019;6;0;0;3
10;2019;6;0;0;3
11;2019;6;0;1;3
12;2019;6;0;0;3
13;2019;6;0;0;3
14;2019;6;0;0;3
15;2019;6;0;0;3
16;2019;6;0;0;3
17;2019;6;0;0;3
18;2019;6;0;0;3
19;2019;6;0;0;3
20;2019;6;0;0;3
21;2019;6;0;0;3
22;2019;6;0;0;3
23;2019;6;0;0;3
24;2019;6;0;0;3
25;2019;6;0;0;3
26;2019;6;0;0;3
27;2019;6;0;0;3
28;2019;6;0;0;3
29;2019;6;0;0;3
30;2019;6;0;0;3
31;2019;6;0;0;3
32;2019;6;3;0;3
33;2019;6;0;0;3
34;2019;6;0;0;3
35;2019;6;0;0;3
36;2019;6;0;1;3
37;2019;6;0;0;3
38;2019;6;0;2;3
39;2019;6;0;0;3
40;2019;6;0;0;3
41;2019;6;0;0;3
42;2019;6;0;0;3
43;2019;6;0;1;3
44;2019;6;0;0;3
48;2019;6;0;0;3
50;2019;6;0;0;3
51;2019;6;0;0;3
52;2019;6;0;0;3
53;2019;6;0;1;3
54;2019;6;0;1;3
55;2019;6;0;0;3
56;2019;6;0;0;3
57;2019;6;0;0;3
58;2019;6;0;1;3
59;2019;6;0;1;3
60;2019;6;0;0;3
61;2019;6;0;0;3
62;2019;6;0;0;3
63;2019;6;0;0;3
64;2019;6;0;2;3
65;2019;6;0;0;3
66;2019;6;0;0;3
67;2019;6;0;0;3
70;2019;6;0;0;3
71;2019;6;0;1;3
72;2019;6;0;0;3
73;2019;6;1;1;3
74;2019;6;0;0;3
75;2019;6;0;0;3
76;2019;6;0;0;3
77;2019;6;0;0;3
78;2019;6;0;0;3
79;2019;6;0;0;3
81;2019;6;0;0;3
82;2019;6;0;0;3
88;2019;6;0;0;3
89;2019;6;0;1;3
90;2019;6;0;0;3
91;2019;6;0;0;3
92;2019;6;0;0;3
93;2019;6;0;0;3
94;2019;6;0;0;3
95;2019;6;0;0;3
96;2019;6;0;1;3
97;2019;6;0;0;3
98;2019;6;0;0;3
99;2019;6;0;0;3
100;2019;6;0;0;3
101;2019;6;0;0;3
104;2019;6;0;0;3
105;2019;6;0;1;3
106;2019;6;0;0;3
107;2019;6;0;0;3
108;2019;6;0;2;3
109;2019;6;0;0;3
110;2019;6;0;0;3
111;2019;6;0;0;3
112;2019;6;0;0;3
118;2019;6;0;0;3
119;2019;6;0;0;3
120;2019;6;0;0;3
121;2019;6;0;0;3
122;2019;6;0;0;3
123;2019;6;0;0;3
124;2019;6;0;0;3
125;2019;6;0;0;3
126;2019;6;0;0;3
127;2019;6;0;1;3
128;2019;6;0;3;3
129;2019;6;0;0;3
130;2019;6;0;0;3
132;2019;6;0;0;3
134;2019;6;0;0;3
135;2019;6;0;0;3
136;2019;6;0;0;3
137;2019;6;0;0;3
138;2019;6;0;0;3
139;2019;6;0;0;3
140;2019;6;0;0;3
141;2019;6;0;0;3
142;2019;6;0;0;3
143;2019;6;1;0;3
144;2019;6;0;0;3
145;2019;6;0;0;3
146;2019;6;0;0;3
147;2019;6;0;0;3
148;2019;6;0;0;3
151;2019;6;0;0;3
152;2019;6;0;0;3
153;2019;6;0;0;3
154;2019;6;0;0;3
155;2019;6;0;0;3
156;2019;6;0;0;3
157;2019;6;0;0;3
158;2019;6;0;0;3
159;2019;6;0;0;3
165;2019;6;0;0;3
166;2019;6;0;1;3
167;2019;6;0;0;3
168;2019;6;0;0;3
1;2019;7;0;0;2
4;2019;7;0;0;2
5;2019;7;0;0;2
6;2019;7;0;0;2
7;2019;7;0;0;2
9;2019;7;0;0;2
10;2019;7;0;0;2
11;2019;7;0;0;2
12;2019;7;0;0;2
13;2019;7;0;0;2
14;2019;7;0;0;2
15;2019;7;0;0;2
16;2019;7;0;0;2
17;2019;7;0;0;2
18;2019;7;0;0;2
19;2019;7;0;0;2
20;2019;7;0;0;2
21;2019;7;0;0;2
22;2019;7;0;1;2
23;2019;7;0;0;2
24;2019;7;0;0;2
25;2019;7;0;0;2
26;2019;7;0;0;2
27;2019;7;0;0;2
28;2019;7;0;0;2
29;2019;7;0;0;2
30;2019;7;0;0;2
31;2019;7;0;0;2
32;2019;7;0;1;2
33;2019;7;0;0;2
34;2019;7;0;0;2
35;2019;7;0;1;2
36;2019;7;0;0;2
37;2019;7;0;0;2
38;2019;7;0;1;2
39;2019;7;0;0;2
40;2019;7;0;0;2
41;2019;7;0;0;2
42;2019;7;0;2;2
43;2019;7;0;0;2
44;2019;7;0;0;2
48;2019;7;0;0;2
50;2019;7;1;0;2
51;2019;7;0;0;2
52;2019;7;0;0;2
53;2019;7;0;0;2
54;2019;7;1;1;2
55;2019;7;0;1;2
56;2019;7;1;0;2
57;2019;7;0;0;2
58;2019;7;0;0;2
59;2019;7;0;1;2
60;2019;7;0;0;2
61;2019;7;0;0;2
62;2019;7;0;0;2
63;2019;7;0;0;2
64;2019;7;0;0;2
65;2019;7;0;0;2
66;2019;7;0;0;2
67;2019;7;0;2;2
70;2019;7;0;0;2
71;2019;7;0;0;2
72;2019;7;0;0;2
73;2019;7;0;1;2
74;2019;7;0;0;2
75;2019;7;0;0;2
76;2019;7;0;0;2
77;2019;7;0;0;2
78;2019;7;0;0;2
79;2019;7;0;0;2
81;2019;7;0;0;2
82;2019;7;0;0;2
88;2019;7;0;0;2
89;2019;7;0;0;2
90;2019;7;0;1;2
91;2019;7;0;0;2
92;2019;7;0;0;2
93;2019;7;0;0;2
94;2019;7;0;0;2
95;2019;7;0;0;2
96;2019;7;0;0;2
97;2019;7;0;0;2
98;2019;7;0;0;2
99;2019;7;0;0;2
100;2019;7;0;0;2
101;2019;7;0;0;2
104;2019;7;0;0;2
105;2019;7;0;0;2
106;2019;7;0;0;2
107;2019;7;0;0;2
108;2019;7;0;0;2
109;2019;7;0;0;2
110;2019;7;0;0;2
111;2019;7;0;0;2
112;2019;7;0;0;2
118;2019;7;0;0;2
119;2019;7;0;0;2
120;2019;7;0;0;2
121;2019;7;0;0;2
122;2019;7;0;0;2
123;2019;7;0;0;2
124;2019;7;0;1;2
125;2019;7;0;0;2
126;2019;7;0;1;2
127;2019;7;0;0;2
128;2019;7;0;0;2
129;2019;7;0;0;2
130;2019;7;0;0;2
132;2019;7;0;0;2
134;2019;7;0;3;2
135;2019;7;0;0;2
136;2019;7;0;0;2
137;2019;7;0;0;2
138;2019;7;0;0;2
139;2019;7;0;0;2
140;2019;7;0;0;2
141;2019;7;0;0;2
142;2019;7;0;0;2
143;2019;7;0;0;2
144;2019;7;0;0;2
145;2019;7;0;0;2
146;2019;7;1;1;2
147;2019;7;0;0;2
148;2019;7;0;0;2
151;2019;7;0;1;2
152;2019;7;0;0;2
153;2019;7;0;0;2
154;2019;7;0;0;2
155;2019;7;0;0;2
156;2019;7;0;0;2
157;2019;7;0;0;2
158;2019;7;0;0;2
159;2019;7;0;1;2
165;2019;7;0;0;2
166;2019;7;0;1;2
167;2019;7;0;0;2
168;2019;7;0;0;2
1;2019;8;0;1;2
4;2019;8;0;0;2
5;2019;8;0;0;2
6;2019;8;0;0;2
7;2019;8;0;0;2
9;2019;8;0;0;2
10;2019;8;0;0;2
11;2019;8;0;1;2
12;2019;8;0;0;2
13;2019;8;0;0;2
14;2019;8;0;0;2
15;2019;8;0;0;2
16;2019;8;1;0;2
17;2019;8;0;0;2
18;2019;8;0;0;2
19;2019;8;0;0;2
20;2019;8;0;0;2
21;2019;8;0;0;2
22;2019;8;0;1;2
23;2019;8;0;0;2
24;2019;8;0;0;2
25;2019;8;0;0;2
26;2019;8;0;0;2
27;2019;8;0;0;2
28;2019;8;0;0;2
29;2019;8;0;0;2
30;2019;8;0;1;2
31;2019;8;0;0;2
32;2019;8;0;2;2
33;2019;8;0;0;2
34;2019;8;0;0;2
35;2019;8;0;0;2
36;2019;8;0;0;2
37;2019;8;0;1;2
38;2019;8;0;0;2
39;2019;8;0;0;2
40;2019;8;0;0;2
41;2019;8;0;0;2
42;2019;8;0;0;2
43;2019;8;1;1;2
44;2019;8;0;0;2
48;2019;8;0;0;2
50;2019;8;0;0;2
51;2019;8;0;0;2
52;2019;8;0;0;2
53;2019;8;0;2;2
54;2019;8;0;0;2
55;2019;8;0;0;2
56;2019;8;1;1;2
57;2019;8;0;0;2
58;2019;8;0;1;2
59;2019;8;0;3;2
60;2019;8;0;1;2
61;2019;8;0;0;2
62;2019;8;0;0;2
63;2019;8;0;0;2
64;2019;8;0;0;2
65;2019;8;0;0;2
66;2019;8;0;0;2
67;2019;8;0;0;2
70;2019;8;0;0;2
71;2019;8;0;1;2
72;2019;8;0;1;2
73;2019;8;0;0;2
74;2019;8;0;0;2
75;2019;8;0;0;2
76;2019;8;0;0;2
77;2019;8;0;0;2
78;2019;8;0;0;2
79;2019;8;0;0;2
81;2019;8;0;0;2
82;2019;8;0;0;2
88;2019;8;0;0;2
89;2019;8;0;2;2
90;2019;8;0;3;2
91;2019;8;0;1;2
92;2019;8;0;0;2
93;2019;8;0;0;2
94;2019;8;0;0;2
95;2019;8;0;0;2
96;2019;8;0;0;2
97;2019;8;0;0;2
98;2019;8;0;0;2
99;2019;8;0;0;2
100;2019;8;0;0;2
101;2019;8;0;0;2
104;2019;8;0;0;2
105;2019;8;0;3;2
106;2019;8;0;0;2
107;2019;8;0;0;2
108;2019;8;0;0;2
109;2019;8;0;0;2
110;2019;8;1;0;2
111;2019;8;0;0;2
112;2019;8;0;0;2
118;2019;8;0;0;2
119;2019;8;0;0;2
120;2019;8;0;0;2
121;2019;8;0;0;2
122;2019;8;0;0;2
123;2019;8;0;1;2
124;2019;8;0;0;2
125;2019;8;0;0;2
126;2019;8;0;1;2
127;2019;8;0;0;2
128;2019;8;0;0;2
129;2019;8;0;0;2
130;2019;8;0;0;2
132;2019;8;1;2;2
134;2019;8;0;0;2
135;2019;8;0;0;2
136;2019;8;0;0;2
137;2019;8;0;0;2
138;2019;8;0;0;2
139;2019;8;0;0;2
140;2019;8;0;0;2
141;2019;8;0;0;2
142;2019;8;0;0;2
143;2019;8;0;0;2
144;2019;8;0;0;2
145;2019;8;0;1;2
146;2019;8;1;0;2
147;2019;8;0;0;2
148;2019;8;0;0;2
151;2019;8;0;1;2
152;2019;8;0;0;2
153;2019;8;0;0;2
154;2019;8;0;0;2
155;2019;8;0;0;2
156;2019;8;0;0;2
157;2019;8;0;0;2
158;2019;8;0;0;2
159;2019;8;0;0;2
165;2019;8;0;0;2
166;2019;8;0;1;2
167;2019;8;0;0;2
168;2019;8;0;0;2
